,Description,IncidentNum,Location,Agency,Date
0,SIMPLE BATTERY,210404006490,3900 BLOCK NW 79TH AVE,Doral Police,20210404234501
1,ASSAULT,PD210404106028,3200 BLOCK NW 81ST TER,Miami-Dade Police,20210404234501
2,BURGLARY - OTHER STRUCTURE,2104050021167,2400 BLOCK NW 18TH AV,Miami Police,20210404233501
3,BURGLARY - OTHER STRUCTURE,2104050021167,2400 BLOCK NW 18TH AV,Miami Police,20210404233501
4,BATTERY / DOMESTIC,2104050021157,500 BLOCK NW 20TH AV,Miami Police,20210404232401
5,SIMPLE BATTERY,21001912,200 BLOCK MIRACLE MILE,Coral Gables Police,20210404232101
6,VANDALISM,PD210404106011,1000 BLOCK NW 106TH ST,Miami-Dade Police,20210404232001
7,VEHICLE BREAK-IN/THEFT,PD210405106248,7600 BLOCK NW 35TH TER,Miami-Dade Police,20210404230001
8,VEHICLE BREAK-IN/THEFT,PD210404105966,8900 BLOCK N KENDALL DR,Miami-Dade Police,20210404223901
9,ASSAULT,PD210405106131,8900 BLOCK N KENDALL DR,Miami-Dade Police,20210404223901
10,ASSAULT,PD210404105965,6300 BLOCK NW 18TH AVE,Miami-Dade Police,20210404223601
11,POSSESSION OF COCAINE/ CONSTRUCTIVE POSSESSION,2104040021146,NW 15TH AV / NW 67TH ST,Miami Police,20210404223301
12,VANDALISM,PD210404106012,7400 BLOCK NW 36TH ST,Miami-Dade Police,20210404223001
13,PETIT THEFT - UNSPECIFIED / $100 TO LESS THAN,2104040021140,200 BLOCK NE 18TH ST,Miami Police,20210404221101
14,CRIMINAL MISCHIEF / VANDALISM,2104040021144,300 BLOCK SW 4TH AV,Miami Police,20210404220801
15,ASSAULT,PD210406107431,7600 BLOCK NW 17TH AVE,Miami-Dade Police,20210404220001
16,BURGLARY - MOTOR VEHICLE (CONVEYANCE),2104040021151,NW 11TH ST / NW 1ST AV,Miami Police,20210404215601
17,ASSAULT,PD210404105922,6900 BLOCK SW 114TH AVE,Miami-Dade Police,20210404215001
18,VANDALISM,PD210404105945,8800 BLOCK NW 22ND CT,Miami-Dade Police,20210404214701
19,GRAND THEFT - FROM MOTOR VEHICLE - $300 TO LESS THAN $5000,2104040021132,2900 BLOCK NE 2ND AV,Miami Police,20210404210201
20,SIMPLE BATTERY,2104040021134,1500 BLOCK  NW 1ST PL,Miami Police,20210404205901
21,THEFT - ALL OTHER,2104040021126,300 BLOCK NW 24TH ST,Miami Police,20210404203701
22,THEFT/LARCENY,PD210406107624,13600 BLOCK SW 26TH ST,Miami-Dade Police,20210404203001
23,THEFT/LARCENY,PD210405106888,MR EARLINGTON HEIGHTS,Miami-Dade Police,20210404201501
24,BATTERY / SIMPLE,2104040021124,3000 BLOCK SW 8TH ST,Miami Police,20210404200301
25,ASSAULT,PD210405107055,15400 BLOCK SW 34TH ST,Miami-Dade Police,20210404200001
26,SIMPLE ASSAULT,2104040021119,100 BLOCK NW 53RD ST,Miami Police,20210404195801
27,SIMPLE BATTERY,2104040021125,1200 BLOCK BRICKELL BAY DR,Miami Police,20210404195301
28,RETAIL THEFT,2104040021112,1000 BLOCK W FLAGLER ST,Miami Police,20210404193801
29,BURGLARY RESIDENTIAL,210404006477,5200 BLOCK GENEVA WAY,Doral Police,20210404193001
30,ASSAULT,PD210404105786,SW 105TH AVE & SW 180TH ST,Miami-Dade Police,20210404190701
31,THEFT/LARCENY,PD210406107345,7400 BLOCK N OAKMONT DR,Miami-Dade Police,20210404190001
32,ASSAULT,PD210404105820,14900 BLOCK N MIAMI AVE,Miami-Dade Police,20210404190001
33,SIMPLE ASSAULT / THREATS,21001909,200 BLOCK ARAGON AV,Coral Gables Police,20210404190001
34,GRAND THEFT - FROM MOTOR VEHICLE - $300 TO LESS THAN $5000,2104040021098,100 BLOCK NW 42ND AVE,Miami Police,20210404184401
35,THEFT OTHER,21001910,100 BLOCK ARAGON AV,Coral Gables Police,20210404183901
36,THEFT/LARCENY,PD210404105776,100 BLOCK NW 167TH ST,Miami-Dade Police,20210404183001
37,ASSAULT,PD210404105739,2700 BLOCK NW 45TH ST,Miami-Dade Police,20210404180401
38,THEFT/LARCENY,PD210404105762,8400 BLOCK CORAL WAY,Miami-Dade Police,20210404180101
39,ASSAULT,PD210404105731,5100 BLOCK NW 29TH AVE,Miami-Dade Police,20210404175301
40,ASSAULT,PD210404105726,7300 BLOCK NW 174TH TER,Miami-Dade Police,20210404174001
41,THEFT/LARCENY,PD210404105703,8400 BLOCK CORAL WAY,Miami-Dade Police,20210404172101
42,CRIMINAL MISCHIEF / VANDALISM,2104040021088,100 BLOCK NE 78TH ST,Miami Police,20210404170101
43,CRIMINAL MISCHIEF / VANDALISM,2104040021089,0 BLOCK SE 2ND ST,Miami Police,20210404165601
44,"AGG CHILD ABUSE: WITHOUT CAUSING GREAT BODILY HARM,PERM DISABILITY,DISFIGUREMNT (HANDS, FISTS OR FEE",2104040021100,1900 BLOCK NW 24TH ST,Miami Police,20210404165401
45,BURGLARY - MOTOR VEHICLE (CONVEYANCE),2104040021077,100 BLOCK NW 58TH ST,Miami Police,20210404164001
46,BURGLARY / DWELLING OCCUPIED (NO ASSAULT / BATTERY - NO WEAPON),2104040021080,1500 BLOCK NW 1ST ST,Miami Police,20210404163901
47,ASSAULT,PD210404105655,MR GOVERNMENT CENTER,Miami-Dade Police,20210404163901
48,BURGLARY - MOTOR VEHICLE (CONVEYANCE),2104040021082,1700 BLOCK NW 16TH ST,Miami Police,20210404163101
49,THEFT/LARCENY,PD210404105679,MR VIZCAYA,Miami-Dade Police,20210404163001
50,DRUGS/ALCOHOL VIOLATIONS,PD210404105670,15000 BLOCK SW 11TH ST,Miami-Dade Police,20210404162001
51,ASSAULT,PD210404105640,15000 BLOCK SW 11TH ST,Miami-Dade Police,20210404162001
52,"GRAND THEFT - UNSPECIFIED -$10,000 TO LESS THAN $20,000",2104040021084,0 BLOCK SW 8 ST,Miami Police,20210404160401
53,"GRAND THEFT - UNSPECIFIED -$10,000 TO LESS THAN $20,000",2104040021084,0 BLOCK SW 8 ST,Miami Police,20210404160401
54,THEFT - OF MOTOR VEHICLE PARTS,2104040021083,400 BLOCK SW 21ST AV,Miami Police,20210404160001
55,BATTERY / SIMPLE,2104040021079,300 BLOCK NW 59TH TER,Miami Police,20210404155401
56,BURGLARY - MOTOR VEHICLE (CONVEYANCE),2104040021070,0 BLOCK NE 11TH ST,Miami Police,20210404153001
57,ASSAULT,PD210404105680,18200 BLOCK S DIXIE HWY,Miami-Dade Police,20210404153001
58,THEFT/LARCENY,PD210407109235,17300 BLOCK NW 49TH AVE,Miami-Dade Police,20210404153001
59,BURGLARY - MOTOR VEHICLE (CONVEYANCE),2104040021072,1300 BLOCK NE 2ND AV,Miami Police,20210404152501
60,AGGRAVATED BATTERY,2104040021074,600 BLOCK NW 10TH ST,Miami Police,20210404152301
61,BATTERY / DOMESTIC,2104040021074,600 BLOCK NW 10TH ST,Miami Police,20210404152301
62,THEFT/LARCENY,PD210404105615,3200 BLOCK NW 79TH ST,Miami-Dade Police,20210404150001
63,MOTOR VEHICLE THEFT,PD210404105864,100 BLOCK NW 97TH AVE,Miami-Dade Police,20210404150001
64,SIMPLE BATTERY,2104040021064,400 BLOCK NW 57TH AV,Miami Police,20210404145701
65,AGGRAVATED ASSAULT,2104040021063,NW 5TH AV / NW 56TH ST,Miami Police,20210404144801
66,FRAUD,PD210404105569,7500 BLOCK NW 14TH AVE,Miami-Dade Police,20210404144601
67,THEFT - FROM MOTOR VEHICLE,2104040021065,600 BLOCK NW 1ST ST,Miami Police,20210404143301
68,BATTERY / AGG: USES DEADLY WEAPON,2104040021060,700 BLOCK NW 13TH AV,Miami Police,20210404141701
69,BURGLARY - RESIDENCE,2104040021053,100 BLOCK NE 47TH ST,Miami Police,20210404132901
70,BURGLARY - RESIDENCE,2104040021053,100 BLOCK NE 47TH ST,Miami Police,20210404132901
71,SIMPLE BATTERY,2104040021046,100 BLOCK NE 70TH ST,Miami Police,20210404131001
72,ASSAULT / AGG / WITH A DEADLY WEAPON WITHOUT INTENT TO KILL,2104040021045,700 BLOCK  NE 62ND ST,Miami Police,20210404130801
73,ASSAULT / AGG / WITH A DEADLY WEAPON WITHOUT INTENT TO KILL,2104040021045,700 BLOCK  NE 62ND ST,Miami Police,20210404130801
74,ASSAULT,PD210404105490,13600 BLOCK SW 152ND ST,Miami-Dade Police,20210404130401
75,CRIMINAL MISCHIEF / VANDALISM,2104040021050,100 BLOCK NW 25TH ST,Miami Police,20210404124801
76,SIMPLE BATTERY,21001904,100 BLOCK ALCAZAR AV,Coral Gables Police,20210404123601
77,VEHICLE BREAK-IN/THEFT,PD210405106667,7600 BLOCK NW 16TH AVE,Miami-Dade Police,20210404123001
78,THEFT - OF MOTOR VEHICLE PARTS,2104040021037,3600 BLOCK SW 6 ST,Miami Police,20210404122801
79,THEFT FROM MOTOR VEHICLE,21001906,500 BLOCK MALAGA AV,Coral Gables Police,20210404122101
80,THEFT - FROM MOTOR VEHICLE,2104040021054,NW 3RD AV / NW 25TH ST,Miami Police,20210404122001
81,THEFT/LARCENY,PD210404105471,3200 BLOCK NW 79TH ST,Miami-Dade Police,20210404120001
82,FRAUD USE OF CREDIT CARDS: 2 TIMES OR LESS IN 6 MOS: OR LESS THAN $100,2104040021040,200 BLOCK SW 15TH RD,Miami Police,20210404115500
83,BATTERY / DOMESTIC,2104040021035,3200 BLOCK TREASURE TROVE LN,Miami Police,20210404114200
84,BATTERY / DOMESTIC,2104040021034,800 BLOCK NW 44TH AV,Miami Police,20210404112700
85,AUTO THEFT,332104055923,5800 BLOCK DEWEY ST,Hollywood Police,20210404110600
86,BURGLARY - MOTOR VEHICLE (CONVEYANCE),2104040021036,100 BLOCK NW 10TH ST,Miami Police,20210404110600
87,AGGRAVATED BATTERY,2104040021032,NW 3RD AV / NW 11TH ST,Miami Police,20210404105700
88,BURGLARY - MOTOR VEHICLE (CONVEYANCE),2104040021033,W FLAGLER ST / SW 20TH AV,Miami Police,20210404104900
89,ASSAULT,PD210404105377,6700 BLOCK SW 13TH ST,Miami-Dade Police,20210404102500
90,THEFT - FROM MOTOR VEHICLE,2104040021030,300 BLOCK NW 59TH CT,Miami Police,20210404102200
91,ASSAULT,PD210404105371,7200 BLOCK NW 6TH ST,Miami-Dade Police,20210404102000
92,BURGLARY CONVEYANCE,192104000067,"3700 BLOCK SW 52ND AV, PEMBROKE PARK",Broward County Sheriff,20210404101200
93,DRUGS/ALCOHOL VIOLATIONS,PD210404105355,11000 BLOCK NW 17TH AVE,Miami-Dade Police,20210404101000
94,AUTO THEFT,2104040021023,1500 BLOCK SW 5TH ST,Miami Police,20210404095700
95,RETAIL THEFT,2104040021021,1400 BLOCK NW 27TH AV,Miami Police,20210404095600
96,THEFT - OF MOTOR VEHICLE PARTS,2104040021015,NW 19TH AV / NW FLAGLER TER,Miami Police,20210404090000
97,FRAUD,PD210414116817,3300 BLOCK SW 114TH CT,Miami-Dade Police,20210404090000
98,FRAUD,PD210712220940,15200 BLOCK MEMORIAL HWY,Miami-Dade Police,20210404090000
99,MOTOR VEHICLE THEFT,PD210404105322,11000 BLOCK NW 17TH AVE,Miami-Dade Police,20210404085800
100,THEFT/LARCENY,PD210404105320,9800 BLOCK E HIBISCUS ST,Miami-Dade Police,20210404083000
101,BURGLARY CONVEYANCE,192104000066,"5400 BLOCK SW 34TH ST, PEMBROKE PARK",Broward County Sheriff,20210404081800
102,FRAUD,PD210524163014,18300 BLOCK S DIXIE HWY,Miami-Dade Police,20210404080000
103,MOTOR VEHICLE THEFT,PD210604176615,16600 BLOCK NW 57TH AVE,Miami-Dade Police,20210404080000
104,FRAUD,PD210507143500,10400 BLOCK NW 7TH AVE,Miami-Dade Police,20210404080000
105,THEFT - FROM MOTOR VEHICLE,2104040021000,3500 BLOCK SW 9TH TER,Miami Police,20210404072400
106,THEFT - FROM MOTOR VEHICLE,2104040021000,3500 BLOCK SW 9TH TER,Miami Police,20210404072400
107,GRAND THEFT - UNSPECIFIED - $300 TO LESS THAN $5000,2104040021005,0 BLOCK SW 20TH RD,Miami Police,20210404072200
108,IMPROPER EXHIBITION OF FIREARM OR DANGEROUS WEAPON,2104040021001,1100 BLOCK NW 63RD ST,Miami Police,20210404071400
109,IMPROPER EXHIBITION OF FIREARM OR DANGEROUS WEAPON,2104040021001,1100 BLOCK NW 63RD ST,Miami Police,20210404071400
110,THEFT/LARCENY,PD210404105419,800 BLOCK NW 106TH ST,Miami-Dade Police,20210404070000
111,THEFT/LARCENY,PD210412115004,7900 BLOCK NW 36TH PL,Miami-Dade Police,20210404070000
112,ASSAULT,PD210404105274,18800 BLOCK S DIXIE HWY,Miami-Dade Police,20210404065300
113,CRIMINAL MISCHIEF / VANDALISM,2104040020997,1800 BLOCK NW 22ND ST,Miami Police,20210404061100
114,SIMPLE BATTERY,2104040020995,900 BLOCK SW 10TH ST,Miami Police,20210404054400
115,AGGRAVATED ASSAULT,210404006449,4600 BLOCK NW 114TH AVE,Doral Police,20210404053000
116,DRUGS/ALCOHOL VIOLATIONS,PD210404105222,SW 147TH AVE & SW 177TH TER,Miami-Dade Police,20210404042600
117,BATTERY / SIMPLE,2104040020993,7200 BLOCK BISCAYNE BLVD,Miami Police,20210404041000
118,BATTERY,332104055836,6400 BLOCK PEMBROKE RD,Hollywood Police,20210404035000
119,ASSAULT,PD210404105190,2700 BLOCK NW 30TH ST,Miami-Dade Police,20210404030000
120,THEFT/LARCENY,PD210406107616,700 BLOCK NW 79TH ST,Miami-Dade Police,20210404030000
121,THEFT/LARCENY,PD210404105745,5300 BLOCK NW 77TH AVE,Miami-Dade Police,20210404030000
122,BURGLARY CONVEYANCE,012104000097,"5800 BLOCK W HALLANDALE BEACH BLVD, WEST PARK",Broward County Sheriff,20210404023400
123,VEHICLE BREAK-IN/THEFT,PD210404105378,10700 BLOCK SW 190TH ST,Miami-Dade Police,20210404020000
124,BATTERY / DOMESTIC,2104040020985,500 BLOCK SW 2ND ST,Miami Police,20210404015400
125,THEFT/LARCENY,PD210404105472,8400 BLOCK MILLS DR,Miami-Dade Police,20210404010000
126,THEFT/LARCENY,PD210404105853,8400 BLOCK MILLS DR,Miami-Dade Police,20210404010000
127,CARRYING CONCEALED FIREARM,2104040020970,NW 7TH AV / NW 54TH ST,Miami Police,20210404003000
128,FRAUD,PD210519157690,15300 BLOCK SW 47TH ST,Miami-Dade Police,20210404000000
129,MOTOR VEHICLE THEFT,PD210405106987,MIA-FLAMINGO-A-L1,Miami-Dade Police,20210404000000
130,ASSAULT,PD210403105028,UNKNOWN ADDRESS,Miami-Dade Police,20210403234901
131,MOTOR VEHICLE THEFT,PD210403105024,14400 BLOCK SW 40TH ST,Miami-Dade Police,20210403233001
132,SIMPLE BATTERY,210403006418,10800 BLOCK NW 51ST LN,Doral Police,20210403232701
133,ASSAULT,PD210403104963,2300 BLOCK NW 89TH ST,Miami-Dade Police,20210403230001
134,THEFT/LARCENY,PD210404105324,9200 BLOCK SW 83RD ST,Miami-Dade Police,20210403230001
135,ROBBERY BY SUDDEN SNATCH - NO FORCE,2104030020961,900 BLOCK S MIAMI AV,Miami Police,20210403224901
136,THEFT/LARCENY,PD210404105597,12000 BLOCK SW 117TH AVE,Miami-Dade Police,20210403223001
137,ASSAULT,PD210403104939,NW 67TH AVE & MAIN ST,Miami-Dade Police,20210403223001
138,CRIMINAL MISCHIEF / VANDALISM,2104030020959,700 BLOCK BRICKELL AV,Miami Police,20210403222101
139,THEFT/LARCENY,PD210403104972,3200 BLOCK NW 79TH ST,Miami-Dade Police,20210403220501
140,VEHICLE BREAK-IN/THEFT,PD210404105559,12000 BLOCK NW 27TH AVE,Miami-Dade Police,20210403220001
141,GRAND THEFT - UNSPECIFIED - $300 TO LESS THAN $5000,2104030020947,SW SOUTH RIVER DR / SW 2ND ST,Miami Police,20210403214001
142,THEFT - ALL OTHER,2104030020946,2800 BLOCK MCFARLANE RD,Miami Police,20210403213601
143,BURGLARY - RESIDENCE,2104030020949,3800 BLOCK PARK AV,Miami Police,20210403210201
144,THEFT/LARCENY,PD210404105735,1700 BLOCK NW 94TH ST,Miami-Dade Police,20210403210001
145,THEFT/LARCENY,PD210407109089,MIA-CC H-CAROUSEL 5-L1,Miami-Dade Police,20210403210001
146,BATTERY / SIMPLE,2104030020939,1100 BLOCK NW 50TH ST,Miami Police,20210403205101
147,ROBBERY,PD210403104825,2700 BLOCK NW 119TH ST,Miami-Dade Police,20210403204001
148,CRIMINAL MISCHIEF / VANDALISM,2104030020942,200 BLOCK NW 15TH ST,Miami Police,20210403203101
149,BURGLARY,PD210404105303,7200 BLOCK BIRD RD,Miami-Dade Police,20210403203001
150,VANDALISM,PD210404105411,3700 BLOCK S LAKE DR,Miami-Dade Police,20210403203001
151,THEFT - OF MOTOR VEHICLE PARTS,2104030020934,NW 12TH AV / NW 65TH ST,Miami Police,20210403202101
152,"ASSAULT / L.E.O. / FIREFIGHTER / EMT / NONSWORN OR LICENSED SECURITY OFC, ETC",2104030020932,600 BLOCK BISCAYNE BLVD,Miami Police,20210403201401
153,THEFT/LARCENY,PD210404105312,900 BLOCK NW 116TH ST,Miami-Dade Police,20210403200001
154,THEFT/LARCENY,PD210404105821,14900 BLOCK N MIAMI AVE,Miami-Dade Police,20210403200001
155,THEFT - FROM MOTOR VEHICLE,2104030020935,NE 1ST CT / NE 17TH ST,Miami Police,20210403195901
156,THEFT - FROM MOTOR VEHICLE,2104030020933,NE 1ST CT / NE 17TH ST,Miami Police,20210403193201
157,VANDALISM,PD210404105504,7700 BLOCK SW 34TH TER,Miami-Dade Police,20210403193001
158,AGGRAVATED ASSAULT,2104030020923,1900 BLOCK NW 3RD CT,Miami Police,20210403192001
159,AGGRAVATED ASSAULT,2104030020923,1900 BLOCK NW 3RD CT,Miami Police,20210403192001
160,THEFT/LARCENY,PD210403104748,1300 BLOCK NW 57TH AVE,Miami-Dade Police,20210403192001
161,RETAIL THEFT,2104030020922,2300 BLOCK BISCAYNE BLVD,Miami Police,20210403191801
162,THEFT - ALL OTHER,2104030020930,6600 BLOCK NW 2ND AV,Miami Police,20210403191201
163,THEFT/LARCENY,PD210403104728,2100 BLOCK NW 79TH ST,Miami-Dade Police,20210403191201
164,BATTERY/AGGRAVATED/LAW ENFORCEMENT OFFICER,2104030020924,NW 77TH ST / NW 7TH AV,Miami Police,20210403191101
165,GRAND THEFT,2104030020927,0 BLOCK SW 7TH ST,Miami Police,20210403190601
166,THEFT/LARCENY,PD210403104707,7300 BLOCK SW 88TH ST,Miami-Dade Police,20210403185501
167,BATTERY (SIMPLE) / PERSON 65 YEARS OF AGE OR OLDER,2104030020919,1000 BLOCK SW 3RD ST,Miami Police,20210403183501
168,BATTERY (SIMPLE) / PERSON 65 YEARS OF AGE OR OLDER,2104030020919,1000 BLOCK SW 3RD ST,Miami Police,20210403183501
169,THEFT/LARCENY,PD210403104731,3200 BLOCK NW 79TH ST,Miami-Dade Police,20210403183001
170,ROBBERY/SUDDEN SNATCHING-UNARMED (ALL OTHER ITEMS $300),2104030020911,200 BLOCK NW 65TH ST,Miami Police,20210403180401
171,BATTERY / SIMPLE,2104030020911,200 BLOCK NW 65TH ST,Miami Police,20210403180401
172,ARSON / ANY DWELLING OR ITS CONTENTS / OCCUPIED OR NOT,2104030020910,2400 BLOCK NW 18TH AV,Miami Police,20210403180101
173,ARSON / ANY DWELLING OR ITS CONTENTS / OCCUPIED OR NOT,2104030020910,2400 BLOCK NW 18TH AV,Miami Police,20210403180101
174,THEFT/LARCENY,PD210404105868,3000 BLOCK NW 32ND ST,Miami-Dade Police,20210403180001
175,VEHICLE BREAK-IN/THEFT,PD210404105491,8000 BLOCK SW 133RD CT,Miami-Dade Police,20210403180001
176,ASSAULT,PD210403104729,600 BLOCK NE 175TH ST,Miami-Dade Police,20210403180001
177,THEFT/LARCENY,PD210403104688,7700 BLOCK SW 40TH ST,Miami-Dade Police,20210403175701
178,MOTOR VEHICLE THEFT,PD210403104631,700 BLOCK NW 95TH TER,Miami-Dade Police,20210403174801
179,ASSAULT,PD210403104612,7700 BLOCK NW 27TH AVE,Miami-Dade Police,20210403174501
180,VEHICLE BREAK-IN/THEFT,PD210403104668,8200 BLOCK W FLAGLER ST,Miami-Dade Police,20210403174001
181,SIMPLE BATTERY,2104030020907,2500 BLOCK NW 16TH STREET RD,Miami Police,20210403173401
182,SIMPLE ASSAULT,2104030020898,400 BLOCK NW 37TH AV,Miami Police,20210403172301
183,BURGLARY - OTHER STRUCTURE,2104030020915,500 BLOCK NW 36TH ST,Miami Police,20210403171601
184,DISCHARGE FIREARM IN PUBLIC,2104030020899,NW 58TH ST / NW 5TH AV,Miami Police,20210403170401
185,THEFT/LARCENY,PD210405106963,8800 BLOCK SW 147TH AVE,Miami-Dade Police,20210403170001
186,THEFT/LARCENY,PD210404105744,6700 BLOCK SW 39TH TER,Miami-Dade Police,20210403170001
187,FRAUD,PD210504140061,7900 BLOCK NW 22ND AVE,Miami-Dade Police,20210403165701
188,THEFT FROM STRUCTURE  WITH LEGAL ACCESS / PUBLIC BUILDING,21001893,1200 BLOCK DICKINSON DR,Coral Gables Police,20210403164601
189,ARSON,PD210403104556,1100 BLOCK NW 126TH AVE,Miami-Dade Police,20210403164401
190,THEFT OTHER,210403006402,10700 BLOCK NW 83RD ST,Doral Police,20210403162701
191,RETAIL THEFT,2104030020890,400 BLOCK BISCAYNE BLVD,Miami Police,20210403162301
192,THEFT/LARCENY,PD210419122829,11700 BLOCK SW 18TH ST,Miami-Dade Police,20210403161901
193,THEFT/LARCENY,PD210403104666,14000 BLOCK SW 88TH ST,Miami-Dade Police,20210403161001
194,AUTO THEFT,2104030020888,2000 BLOCK SW 8TH ST,Miami Police,20210403155401
195,AUTO THEFT,2104030020888,2000 BLOCK SW 8TH ST,Miami Police,20210403155401
196,DRUGS/ALCOHOL VIOLATIONS,PD210403104495,NW 15TH AVE & NW 71ST ST,Miami-Dade Police,20210403154201
197,FRAUD,PD210511147888,6700 BLOCK S DIXIE HWY,Miami-Dade Police,20210403153001
198,BATTERY / SIMPLE,2104030020880,1500 BLOCK NW 34TH ST,Miami Police,20210403152001
199,THEFT BY SHOPLIFTING,210403006397,1400 BLOCK NW 107TH AVE,Doral Police,20210403151901
200,BATTERY / SIMPLE,2104030020874,2200 BLOCK NW 27TH AV,Miami Police,20210403150301
201,VEHICLE BREAK-IN/THEFT,PD210403104491,7900 BLOCK NW 27TH AVE,Miami-Dade Police,20210403150001
202,FRAUD,PD210406107438,13700 BLOCK SW 145TH TER,Miami-Dade Police,20210403150001
203,THEFT/LARCENY,PD210403104537,NE 185TH ST & NE 2ND CT,Miami-Dade Police,20210403150001
204,THEFT/LARCENY,PD210403104457,5700 BLOCK NW 183RD ST,Miami-Dade Police,20210403150001
205,BATTERY / SIMPLE,2104030020867,2000 BLOCK NW SOUTH RIVER DR,Miami Police,20210403145601
206,BATTERY / SIMPLE,2104030020867,2000 BLOCK NW SOUTH RIVER DR,Miami Police,20210403145601
207,BATTERY / SIMPLE,2104030020867,2000 BLOCK NW SOUTH RIVER DR,Miami Police,20210403145601
208,AUTO THEFT,2104030020858,1200 BLOCK NW 29TH ST,Miami Police,20210403144701
209,THEFT - OF MOTOR VEHICLE PARTS,2104030020852,2300 BLOCK SW 16 TERRACE,Miami Police,20210403143101
210,FRAUD,PD210409111531,00 BLOCK NW 79TH AVE,Miami-Dade Police,20210403142501
211,THEFT/LARCENY,PD210403104405,3400 BLOCK NW 25TH ST,Miami-Dade Police,20210403142101
212,THEFT/LARCENY,PD210405106520,14700 BLOCK SW 26TH ST,Miami-Dade Police,20210403140001
213,ASSAULT,PD210403104394,18800 BLOCK NW 77TH CT,Miami-Dade Police,20210403140001
214,THEFT/LARCENY,PD210520158900,SW 46TH ST & SW 137TH AVE,Miami-Dade Police,20210403140001
215,THEFT BY SHOPLIFTING,210403006394,1400 BLOCK NW 107TH AVE,Doral Police,20210403135101
216,FRAUDULENT USE OF CREDIT CARDS / MORE THAN 2 TIMES IN 6 MOS OR $100 OR MORE,2104030020844,0 BLOCK NW 40TH CT,Miami Police,20210403134801
217,THEFT - ALL OTHER,2104030020841,5000 BLOCK NE 2ND AV,Miami Police,20210403134001
218,ASSAULT,PD210403104381,2700 BLOCK NW 45TH ST,Miami-Dade Police,20210403133501
219,THEFT FROM MOTOR VEHICLE,21001890,4500 BLOCK PONCE DE LEON BLVD,Coral Gables Police,20210403133501
220,THEFT/LARCENY,PD210403104408,5500 BLOCK BLUE LAGOON DR,Miami-Dade Police,20210403131001
221,THEFT/LARCENY,PD210614188575,7700 BLOCK W FLAGLER ST,Miami-Dade Police,20210403130001
222,VEHICLE BREAK-IN/THEFT,PD210403104376,7900 BLOCK SW 40TH ST,Miami-Dade Police,20210403130001
223,FRAUD OTHER,21001889,1500 BLOCK CORNICHE AV,Coral Gables Police,20210403130001
224,FRAUD,PD210407109223,8600 BLOCK NW 186TH ST,Miami-Dade Police,20210403130001
225,BURGLARY - MOTOR VEHICLE (CONVEYANCE),2104030020842,0 BLOCK NW 40TH CT,Miami Police,20210403125901
226,BURGLARY - MOTOR VEHICLE (CONVEYANCE),2104030020842,0 BLOCK NW 40TH CT,Miami Police,20210403125901
227,THEFT/LARCENY,PD210403104335,14600 BLOCK S DIXIE HWY,Miami-Dade Police,20210403124601
228,ASSAULT,PD210430135306,1800 BLOCK NW 69TH ST,Miami-Dade Police,20210403124401
229,"GRAND THEFT - MOTOR VEHICLE (LESS THAN $100,000)",2104030020866,900 BLOCK SW 6TH ST,Miami Police,20210403123601
230,GRAND THEFT,2104030020846,NW 22ND AV / NW 3RD ST,Miami Police,20210403123301
231,BURGLARY - MOTOR VEHICLE (CONVEYANCE),2104030020833,200 BLOCK NE 54TH ST,Miami Police,20210403122501
232,BURGLARY,PD210403104305,9500 BLOCK SW 40TH ST,Miami-Dade Police,20210403121701
233,FRAUD,PD210403104285,4900 BLOCK NW 179TH TER,Miami-Dade Police,20210403120101
234,FRAUD,PD210510147616,15000 BLOCK SW 168TH TER,Miami-Dade Police,20210403120001
235,MOTOR VEHICLE THEFT,PD210406107240,1800 BLOCK NW 121ST ST,Miami-Dade Police,20210403120001
236,MOTOR VEHICLE THEFT,PD210404105856,15400 BLOCK SW 86TH TER,Miami-Dade Police,20210403120001
237,THEFT/LARCENY,PD210403104283,3200 BLOCK NW 80TH TER,Miami-Dade Police,20210403114200
238,BURGLARY - RESIDENCE,2104030020825,3200 BLOCK SW 21ST ST,Miami Police,20210403114000
239,THEFT - ALL OTHER,2104030020818,1500 BLOCK NW 59TH ST,Miami Police,20210403113500
240,BURGLARY - OTHER STRUCTURE,2104030020847,1900 BLOCK NW 1ST ST,Miami Police,20210403113100
241,THEFT/LARCENY,PD210403104255,3200 BLOCK NW 79TH ST,Miami-Dade Police,20210403113000
242,ASSAULT,PD210403104253,600 BLOCK NW 103RD ST,Miami-Dade Police,20210403112700
243,THEFT - ALL OTHER,2104030020824,1800 BLOCK NW 5TH PL,Miami Police,20210403111600
244,GRAND THEFT - RETAIL - $300 TO LESS THAN $5000,2104030020830,1600 BLOCK NW 17TH AV,Miami Police,20210403111400
245,GRAND THEFT - RETAIL - $300 TO LESS THAN $5000,2104030020830,1600 BLOCK NW 17TH AV,Miami Police,20210403111400
246,BATTERY / DOMESTIC,2104030020817,800 BLOCK BISCAYNE BLVD,Miami Police,20210403111100
247,BATTERY / DOMESTIC,2104030020817,800 BLOCK BISCAYNE BLVD,Miami Police,20210403111100
248,THEFT FROM MOTOR VEHICLE,21001887,100 BLOCK EDGEWATER DR,Coral Gables Police,20210403110400
249,BURGLARY,PD210405106540,3400 BLOCK NW 25TH ST,Miami-Dade Police,20210403110000
250,THEFT/LARCENY,PD210412114610,16600 BLOCK SW 44TH LN,Miami-Dade Police,20210403110000
251,AUTO THEFT - OTHER,012104000073,"5800 BLOCK SW 25TH ST, WEST PARK",Broward County Sheriff,20210403105900
252,THEFT - FROM MOTOR VEHICLE,2104030020827,300 BLOCK W FLAGLER ST,Miami Police,20210403105600
253,THEFT/LARCENY,PD210403104226,20900 BLOCK SAN SIMEON WAY,Miami-Dade Police,20210403104600
254,THEFT/LARCENY,PD210403104224,5800 BLOCK NW 177TH ST,Miami-Dade Police,20210403104400
255,PETIT THEFT,2104030020812,3400 BLOCK N MIAMI AV,Miami Police,20210403104200
256,"GRAND THEFT - UNSPECIFIED - GREATER THAN $100,000",2104030020809,0 BLOCK SW 3RD ST,Miami Police,20210403103500
257,THEFT - ALL OTHER,2104030020805,3000 BLOCK SW 11TH ST,Miami Police,20210403102300
258,BURGLARY / CONVEYANCE: NOT OCCUPIED - NO WEAPON,2104030020821,3100 BLOCK NW 18TH ST,Miami Police,20210403101700
259,THEFT - FROM MOTOR VEHICLE,2104030020821,3100 BLOCK NW 18TH ST,Miami Police,20210403101700
260,BURGLARY / CONVEYANCE: NOT OCCUPIED - NO WEAPON,2104030020821,3100 BLOCK NW 18TH ST,Miami Police,20210403101700
261,BURGLARY / CONVEYANCE: NOT OCCUPIED - NO WEAPON,2104030020821,3100 BLOCK NW 18TH ST,Miami Police,20210403101700
262,BURGLARY - MOTOR VEHICLE (CONVEYANCE),2104030020810,3600 BLOCK NW 19TH AV,Miami Police,20210403100500
263,CRIMINAL MISCHIEF / VANDALISM,2104030020807,NW 16TH AV / NW 29TH ST,Miami Police,20210403100000
264,THEFT/LARCENY,PD210405106508,3400 BLOCK NW 25TH ST,Miami-Dade Police,20210403100000
265,ASSAULT,PD210403104209,NW 36TH ST & NW 72ND AVE,Miami-Dade Police,20210403100000
266,THEFT - ALL OTHER,2104030020804,1300 BLOCK NW 45TH ST,Miami Police,20210403095300
267,VANDALISM,PD210403104200,1000 BLOCK NW 79TH ST,Miami-Dade Police,20210403094500
268,THEFT/LARCENY,PD210403104301,MIA-CC H-CAROUSEL 6-L1,Miami-Dade Police,20210403094000
269,AUTO THEFT,2104030020811,1300 BLOCK SW 4TH ST,Miami Police,20210403094000
270,AUTO THEFT,2104030020801,1100 BLOCK BISCAYNE BLVD,Miami Police,20210403093700
271,AUTO THEFT,2104030020801,1100 BLOCK BISCAYNE BLVD,Miami Police,20210403093700
272,VANDALISM,PD210403104725,16800 BLOCK SW 144TH PL,Miami-Dade Police,20210403092000
273,FRAUD,PD210408109821,7500 BLOCK SW 152ND AVE,Miami-Dade Police,20210403091700
274,MOTOR VEHICLE THEFT,PD210403104169,4400 BLOCK SW 127TH PL,Miami-Dade Police,20210403091700
275,FRAUD,PD210719228446,11200 BLOCK SW 40TH ST,Miami-Dade Police,20210403090000
276,AUTO THEFT,2104030020793,4800 BLOCK SW 8 ST,Miami Police,20210403084800
277,AUTO THEFT,2104030020793,4700 BLOCK SW 7TH ST,Miami Police,20210403084800
278,SIMPLE BATTERY,2104030020790,100 BLOCK NW 9TH AV,Miami Police,20210403080200
279,THEFT/LARCENY,PD210407109362,15900 BLOCK SW 105TH AVE,Miami-Dade Police,20210403080000
280,THEFT/LARCENY,PD210406107787,9200 BLOCK SW 88TH ST,Miami-Dade Police,20210403080000
281,BATTERY,332104055285,6100 BLOCK FUNSTON ST,Hollywood Police,20210403075200
282,FRAUD,PD210412115023,14900 BLOCK SW 39TH ST,Miami-Dade Police,20210403070000
283,THEFT/LARCENY,PD210403104846,2500 BLOCK NW 92ND ST,Miami-Dade Police,20210403070000
284,DRUGS/ALCOHOL VIOLATIONS,PD210403104094,3200 BLOCK NW 79TH ST,Miami-Dade Police,20210403065800
285,ARMED ROBBERY - FIREARM OR OTHER DEADLY WEAPON,2104030020788,3500 BLOCK NW 12TH AV,Miami Police,20210403062700
286,ARMED ROBBERY - FIREARM OR OTHER DEADLY WEAPON,2104030020788,3500 BLOCK NW 12TH AV,Miami Police,20210403062700
287,THEFT - FROM MOTOR VEHICLE,2104030020785,500 BLOCK SW 7TH ST,Miami Police,20210403055100
288,THEFT/LARCENY,PD210403104065,14700 BLOCK NE 6TH AVE,Miami-Dade Police,20210403045500
289,DUI - CAUSES DAMAGE TO PERSON OR PROPERTY,2104030020778,NW 17TH AV / NW 71ST ST,Miami Police,20210403040200
290,BATTERY / SIMPLE,2104030020777,100 BLOCK SE 1ST ST,Miami Police,20210403034600
291,THEFT - ALL OTHER,2104030020770,1200 BLOCK BRICKELL BAY DR,Miami Police,20210403033100
292,THEFT/LARCENY,PD210403104222,4800 BLOCK SW 82ND AVE,Miami-Dade Police,20210403032300
293,ROBBERY,PD210403104046,NW 79TH ST & NW 17TH AVE,Miami-Dade Police,20210403031500
294,THEFT/LARCENY,PD210403104124,7900 BLOCK NW 154TH ST,Miami-Dade Police,20210403030000
295,ASSAULT,PD210405106447,4000 BLOCK NW 36TH AVE,Miami-Dade Police,20210403030000
296,ASSAULT,PD210403104023,100 BLOCK NW 167TH ST,Miami-Dade Police,20210403025000
297,THEFT/LARCENY,PD210403104195,14700 BLOCK SW 174TH ST,Miami-Dade Police,20210403024000
298,BATTERY / DOMESTIC,2104030020767,700 BLOCK NW 24TH AV,Miami Police,20210403023900
299,ASSAULT,PD210403104007,1900 BLOCK NW 60TH ST,Miami-Dade Police,20210403021800
300,ASSAULT,PD210403104052,7300 BLOCK NW 174TH TER,Miami-Dade Police,20210403020000
301,FRAUD ELECTRONIC / COMPUTER / WIRE,21001882,200 BLOCK CALABRIA AV,Coral Gables Police,20210403012000
302,MOTOR VEHICLE THEFT,PD210403104158,8100 BLOCK SW 72ND AVE,Miami-Dade Police,20210403010000
303,THEFT/LARCENY,PD210409111400,14900 BLOCK SW 192ND AVE,Miami-Dade Police,20210403010000
304,SIMPLE BATTERY,2104030020755,3800 BLOCK  NE 6TH AVE,Miami Police,20210403002200
305,ASSAULT,PD210403103948,800 BLOCK NW 80TH ST,Miami-Dade Police,20210403002200
306,FRAUD,PD210408109726,9400 BLOCK SW 110TH TER,Miami-Dade Police,20210403000000
307,FRAUD,PD210617191865,MIA-CC E-RENTAL CAR COUNTERS-L1,Miami-Dade Police,20210403000000
308,VANDALISM,PD210403104136,10900 BLOCK NW 14TH AVE,Miami-Dade Police,20210403000000
309,VANDALISM,PD210405106890,3400 BLOCK NW 25TH ST,Miami-Dade Police,20210403000000
310,THEFT/LARCENY,PD210503139068,3100 BLOCK NW 27TH ST,Miami-Dade Police,20210403000000
311,CRIMINAL MISCHIEF / VANDALISM,2104030020735,2400 BLOCK SW 27TH ST,Miami Police,20210402235301
312,DISCHARGE FIREARM IN PUBLIC,2104030020737,300 BLOCK NE 80TH TER,Miami Police,20210402234701
313,CARRYING CONCEALED FIREARM,2104020020732,NW 7TH AV / NW 20TH ST,Miami Police,20210402232601
314,THEFT/LARCENY,PD210402103860,11400 BLOCK NW 7TH AVE,Miami-Dade Police,20210402231201
315,SIMPLE BATTERY,2104020020557,4200 BLOCK NW 11TH ST,Miami Police,20210402231001
316,THEFT/LARCENY,PD210403104168,3400 BLOCK NW 25TH ST,Miami-Dade Police,20210402230001
317,BATTERY / SIMPLE,2104020020723,2700 BLOCK NW 3RD ST,Miami Police,20210402224401
318,VANDALISM,PD210402103838,3200 BLOCK NW 79TH ST,Miami-Dade Police,20210402222701
319,ASSAULT,PD210402103819,NW 18TH AVE & NW 63RD ST,Miami-Dade Police,20210402220901
320,THEFT/LARCENY,PD210403104097,8000 BLOCK NW MIAMI CT,Miami-Dade Police,20210402220601
321,THEFT/LARCENY,PD210402103792,6400 BLOCK NW 27TH AVE,Miami-Dade Police,20210402215601
322,WEAPONS,PD210402103797,5900 BLOCK NW 183RD ST,Miami-Dade Police,20210402215501
323,BURGLARY AND THEFT FROM CURTILAGE,21001877,1400 BLOCK SANTA CRUZ AV,Coral Gables Police,20210402213101
324,THEFT/LARCENY,PD210403104329,800 BLOCK NW 105TH ST,Miami-Dade Police,20210402210001
325,ASSAULT,PD210402103774,12000 BLOCK SW 171ST TER,Miami-Dade Police,20210402210001
326,WEAPONS,PD210402103739,NW 27TH AVE & NW 53RD ST,Miami-Dade Police,20210402204201
327,DRUG POSSESSION CONTROLLED SUBSTANCE,21001869,5700 BLOCK PONCE DE LEON BLVD,Coral Gables Police,20210402203501
328,ASSAULT,PD210402103737,1200 BLOCK SW 130TH AVE,Miami-Dade Police,20210402203001
329,VEHICLE BREAK-IN/THEFT,PD210403104239,9100 BLOCK SW 77TH AVE,Miami-Dade Police,20210402203001
330,PETIT THEFT - FROM MOTOR VEHICLE / LESS THAN $100,2104020020711,500 BLOCK SW 42ND AV,Miami Police,20210402203001
331,THEFT BY SHOPLIFTING,21001876,1100 BLOCK S DIXIE HWY,Coral Gables Police,20210402200901
332,FRAUD,PD210403104257,9900 BLOCK SW 40TH ST,Miami-Dade Police,20210402200201
333,THEFT/LARCENY,PD210403104180,10600 BLOCK SW 108TH AVE,Miami-Dade Police,20210402200001
334,THEFT OTHER,210402006340,10700 BLOCK NW 74TH ST,Doral Police,20210402195601
335,ASSAULT,PD210402103653,2400 BLOCK NW 104TH ST,Miami-Dade Police,20210402192401
336,THEFT - OF MOTOR VEHICLE PARTS,2104020020690,2700 BLOCK W FLAGLER ST,Miami Police,20210402192301
337,CRIMINAL MISCHIEF / VANDALISM,2104020020694,SW 35TH AV/ SW 6TH ST,Miami Police,20210402190701
338,BATTERY / DOMESTIC,2104020020692,1300 BLOCK SW 1ST ST,Miami Police,20210402190701
339,THEFT - ALL OTHER,2104020020693,200 BLOCK SW 63RD CT,Miami Police,20210402183301
340,THEFT/LARCENY,PD210403104185,200 BLOCK SW 76TH CT,Miami-Dade Police,20210402183001
341,THEFT/LARCENY,PD210402103579,11900 BLOCK SW 152ND ST,Miami-Dade Police,20210402181801
342,GRAND THEFT - A FIREARM,2104020020683,6700 BLOCK NE 1ST CT,Miami Police,20210402181501
343,RETAIL THEFT,2104020020684,1700 BLOCK BISCAYNE BLVD,Miami Police,20210402181201
344,THEFT/LARCENY,PD210403104252,10300 BLOCK SW 187TH ST,Miami-Dade Police,20210402180001
345,VANDALISM,PD210402103765,12500 BLOCK NW 28TH AVE,Miami-Dade Police,20210402180001
346,THEFT/LARCENY,PD210402103619,13800 BLOCK SW 120TH ST,Miami-Dade Police,20210402174701
347,BATTERY / SIMPLE,2104020020671,300 BLOCK SW 30TH AVE,Miami Police,20210402174601
348,THEFT - FROM MOTOR VEHICLE,2104020020676,400 BLOCK SW 11TH AV,Miami Police,20210402173801
349,VANDALISM,PD210415118080,8800 BLOCK SW 130TH CT,Miami-Dade Police,20210402173001
350,CRIMINAL MISCHIEF / VANDALISM,2104020020679,600 BLOCK NE 24TH ST,Miami Police,20210402172301
351,THEFT/LARCENY,PD210402103705,3200 BLOCK NW 79TH ST,Miami-Dade Police,20210402172001
352,ASSAULT,PD210402103516,7200 BLOCK SW 168TH ST,Miami-Dade Police,20210402171501
353,PERSON IN ACTUAL OR CONSTRUCTIVE POSSESSION OF COCAINE (POWDER OR CRACK),2104020020689,5500 BLOCK N MIAMI AVE,Miami Police,20210402170401
354,THEFT/LARCENY,PD210403104156,2500 BLOCK SW 88TH AVE,Miami-Dade Police,20210402170001
355,FRAUD,PD210403104187,17400 BLOCK SW 85TH AVE,Miami-Dade Police,20210402170001
356,BURGLARY,PD210403104378,600 BLOCK NE 167TH ST,Miami-Dade Police,20210402170001
357,ASSAULT,PD210405106316,18900 BLOCK SW 106TH AVE,Miami-Dade Police,20210402170001
358,BATTERY,192104000034,"4000 BLOCK SW 24TH ST, WEST PARK",Broward County Sheriff,20210402164801
359,ASSAULT,PD210402103453,UNKNOWN ADDRESS,Miami-Dade Police,20210402163001
360,THEFT/LARCENY,PD210403104122,11100 BLOCK SW 107TH ST,Miami-Dade Police,20210402163001
361,AUTO THEFT,2104020020649,200 BLOCK NE 14TH ST,Miami Police,20210402161901
362,AUTO THEFT,2104020020649,200 BLOCK NE 14TH ST,Miami Police,20210402161901
363,BURGLARY - MOTOR VEHICLE (CONVEYANCE),2104020020656,NW 2ND AV / W FLAGLER ST,Miami Police,20210402161301
364,FRAUDULENT USE OF PERSONAL IDENTIFICATION INFORMATION,2104020020642,3100 BLOCK NW 20TH ST,Miami Police,20210402160501
365,ASSAULT,PD210402103413,17400 BLOCK SW 103RD AVE,Miami-Dade Police,20210402160301
366,FRAUD,PD210402103419,7300 BLOCK NW 46TH ST,Miami-Dade Police,20210402160001
367,WEAPONS,PD210402103492,1400 BLOCK NW 122ND ST,Miami-Dade Police,20210402160001
368,THEFT/LARCENY,PD210405106219,9300 BLOCK SW 158TH AVE,Miami-Dade Police,20210402160001
369,THEFT/LARCENY,PD210402103448,00 BLOCK NW 167TH ST,Miami-Dade Police,20210402160001
370,THEFT BY SHOPLIFTING,210402006323,1400 BLOCK NW 107TH AVE,Doral Police,20210402160001
371,THEFT - ALL OTHER,2104020020686,5700 BLOCK SW 5TH TER,Miami Police,20210402155601
372,THEFT/LARCENY,PD210419122974,12400 BLOCK SW 88TH ST,Miami-Dade Police,20210402155401
373,AUTO THEFT,2104020020633,2800 BLOCK NW 4TH TER,Miami Police,20210402154901
374,THEFT - OF MOTOR VEHICLE PARTS,2104020020629,2600 BLOCK SW 9TH ST,Miami Police,20210402154001
375,CRIMINAL MISCHIEF (OVER $200 LESS THAN $1000),2104020020640,2700 BLOCK SW 29TH AV,Miami Police,20210402153901
376,RETAIL THEFT,2104020020637,1100 BLOCK SW 8TH ST,Miami Police,20210402153201
377,VANDALISM,PD210402103420,1700 BLOCK NW 119TH ST,Miami-Dade Police,20210402153001
378,BURGLARY AND THEFT FROM CURTILAGE,21001868,00 BLOCK ALHAMBRA PLZ,Coral Gables Police,20210402152301
379,BURGLARY - MOTOR VEHICLE (CONVEYANCE),2104020020648,BISCAYNE BLVD / NE 10TH ST,Miami Police,20210402152001
380,BURGLARY - MOTOR VEHICLE (CONVEYANCE),2104020020666,1600 BLOCK NW 29TH AV,Miami Police,20210402151601
381,THEFT/LARCENY,PD210403104481,MIA-FLAMINGO-BB-L2,Miami-Dade Police,20210402150001
382,BATTERY / AGGRAVATED / PERSON 65 YEARS OF AGE OR OLDER,2104020020626,800 BLOCK NW 4TH ST,Miami Police,20210402145901
383,BURGLARY,PD210402103360,2000 BLOCK NW 65TH ST,Miami-Dade Police,20210402145401
384,THEFT/LARCENY,PD210402103364,11300 BLOCK NW 27TH AVE,Miami-Dade Police,20210402145201
385,THEFT/LARCENY,PD210402103338,18600 BLOCK SW 107TH AVE,Miami-Dade Police,20210402144701
386,STALKING,332104054865,5700 BLOCK RODMAN ST,Hollywood Police,20210402143901
387,THEFT - OF MOTOR VEHICLE PARTS,2104020020621,100 BLOCK NW 79TH ST,Miami Police,20210402143001
388,VEHICLE BREAK-IN/THEFT,PD210402103421,7500 BLOCK N KENDALL DR,Miami-Dade Police,20210402143001
389,VEHICLE BREAK-IN/THEFT,PD210402103322,7300 BLOCK CORAL WAY,Miami-Dade Police,20210402142501
390,"GRAND THEFT - MOTOR VEHICLE (LESS THAN $100,000)",2104020020624,200 BLOCK SE 2ND ST,Miami Police,20210402142201
391,"GRAND THEFT - MOTOR VEHICLE (LESS THAN $100,000)",2104020020624,200 BLOCK SE 2ND ST,Miami Police,20210402142201
392,ASSAULT / AGG / WITH A DEADLY WEAPON WITHOUT INTENT TO KILL,2104020020613,5500 BLOCK NW 7TH CT,Miami Police,20210402142101
393,BATTERY / AGG / DOMESTIC,2104020020612,3700 BLOCK DAY AV,Miami Police,20210402140001
394,AGGRAVATED BATTERY,2104020020612,3700 BLOCK DAY AV,Miami Police,20210402140001
395,BATTERY / AGG / DOMESTIC,2104020020612,3700 BLOCK DAY AV,Miami Police,20210402140001
396,THEFT/LARCENY,PD210402103377,3200 BLOCK NW 81ST TER,Miami-Dade Police,20210402140001
397,FRAUD,PD210504140072,5000 BLOCK SW 154TH AVE,Miami-Dade Police,20210402140001
398,THEFT/LARCENY,PD210405106925,MIA-CC J-OTHER-L2,Miami-Dade Police,20210402140001
399,THEFT/LARCENY,PD210403104000,9100 BLOCK N KENDALL DR,Miami-Dade Police,20210402140001
400,VANDALISM,PD210402103351,7000 BLOCK SW 106TH PL,Miami-Dade Police,20210402134501
401,ASSAULT,PD210402103281,NW 103RD ST & NW 27TH AVE,Miami-Dade Police,20210402134001
402,WEAPONS,PD210402103277,NW 12TH AVE & NW 95TH ST,Miami-Dade Police,20210402133301
403,CRIMINAL MISCHIEF,332104054811,3800 BLOCK WASHINGTON ST,Hollywood Police,20210402130801
404,ROBBERY - STRONG ARM,2104020020602,1600 BLOCK NW 3RD AV,Miami Police,20210402130601
405,ROBBERY - STRONG ARM,2104020020602,1600 BLOCK NW 3RD AV,Miami Police,20210402130601
406,ROBBERY - STRONG ARM,2104020020602,1600 BLOCK NW 3RD AV,Miami Police,20210402130601
407,ASSAULT,PD210402103235,15600 BLOCK NW 7TH AVE,Miami-Dade Police,20210402130101
408,ASSAULT,PD210402103229,1500 BLOCK NW 93RD ST,Miami-Dade Police,20210402125301
409,SIMPLE BATTERY,210402006313,3900 BLOCK NW 79TH AVE,Doral Police,20210402124901
410,THEFT/LARCENY,PD210402103236,20700 BLOCK NE 208TH TER,Miami-Dade Police,20210402124501
411,UTTERING FORGED BILLS/COUNTERFEIT NOTE/PROMISSORY NOTE: INTENT TO DEFRAUD,2104020020609,0 BLOCK NE 1ST AV,Miami Police,20210402123901
412,AUTO THEFT,012104000044,"2000 BLOCK S STATE ROAD 7, WEST PARK",Broward County Sheriff,20210402122601
413,SIMPLE BATTERY,2104020020615,1000 BLOCK NW 3RD AV,Miami Police,20210402122501
414,CRIMINAL MISCHIEF / VANDALISM,2104020020588,3400 BLOCK SW 6TH ST,Miami Police,20210402121901
415,"FELONY BATTERY (CAUSES) GREAT BODILY HARM, PERM DISABILITY OR DISFIGUREMENT",2104020020587,2800 BLOCK SW 32ND CT,Miami Police,20210402121801
416,THEFT/LARCENY,PD210402103348,3600 BLOCK NW 21ST ST,Miami-Dade Police,20210402121501
417,THEFT/LARCENY,PD210406107407,2400 BLOCK NW 68TH ST,Miami-Dade Police,20210402120001
418,THEFT/LARCENY,PD210601173120,6300 BLOCK SW 138TH PL,Miami-Dade Police,20210402120001
419,FRAUD,PD210412114966,8600 BLOCK SW 162ND ST,Miami-Dade Police,20210402120001
420,VEHICLE BREAK-IN/THEFT,PD210402103175,3800 BLOCK SW 87TH AVE,Miami-Dade Police,20210402115400
421,THEFT/LARCENY,PD210402103220,15200 BLOCK S RIVER DR,Miami-Dade Police,20210402114500
422,BURGLARY - RESIDENCE,2104020020583,1500 BLOCK NW 2ND ST,Miami Police,20210402114000
423,ASSAULT,PD210402103149,7900 BLOCK NW 27TH AVE,Miami-Dade Police,20210402113200
424,CRIMINAL MISCHIEF / VANDALISM,2104020020576,1100 BLOCK SW 19TH AV,Miami Police,20210402112900
425,FRAUDULENT USE OF PERSONAL IDENTIFICATION INFORMATION,2104020020563,0 BLOCK SW 9TH ST,Miami Police,20210402112600
426,ASSAULT,PD210402103141,2100 BLOCK NW 61ST ST,Miami-Dade Police,20210402112300
427,CRIMINAL MISCHIEF / VANDALISM,2104020020574,1000 BLOCK NW NORTH RIVER DR,Miami Police,20210402111900
428,THEFT/LARCENY,PD210419123026,12400 BLOCK SW 88TH ST,Miami-Dade Police,20210402111800
429,THEFT - ALL OTHER,2104020020566,3600 BLOCK BISCAYNE BLVD,Miami Police,20210402111000
430,CRIMINAL MISCHIEF / VANDALISM,2104020020559,0 BLOCK SW 3RD ST,Miami Police,20210402110500
431,THEFT/LARCENY,PD210402103649,13900 BLOCK SW 93RD LN,Miami-Dade Police,20210402110000
432,SIMPLE BATTERY,2104020020557,4200 BLOCK NW 11TH ST,Miami Police,20210402105000
433,PETIT THEFT,2104020020554,900 BLOCK SW 29TH AV,Miami Police,20210402104000
434,AUTO THEFT,2104020020552,NW 1ST AV / NW 9TH ST,Miami Police,20210402100300
435,ASSAULT,PD210402103068,NW 27TH AVE & NW 71ST ST,Miami-Dade Police,20210402100200
436,MOTOR VEHICLE THEFT,PD210420123757,700 BLOCK NE 149TH ST,Miami-Dade Police,20210402100000
437,VEHICLE BREAK-IN/THEFT,PD210403104308,8200 BLOCK SW 72ND AVE,Miami-Dade Police,20210402100000
438,ASSAULT,PD210402103094,4800 BLOCK NW 72ND AVE,Miami-Dade Police,20210402100000
439,BURGLARY - MOTOR VEHICLE (CONVEYANCE),2104020020555,1700 BLOCK NW 27TH AV,Miami Police,20210402093700
440,CRIMINAL MISCHIEF / VANDALISM,2104020020538,1300 BLOCK NW 67TH ST,Miami Police,20210402092000
441,"GRAND THEFT - MOTOR VEHICLE (LESS THAN $100,000)",2104020020543,400 BLOCK NW 43RD PL,Miami Police,20210402091600
442,RETAIL THEFT,2104020020534,1600 BLOCK NW 20TH ST,Miami Police,20210402091300
443,GRAND THEFT,2104020020539,200 BLOCK NE 2ND ST,Miami Police,20210402091100
444,THEFT/LARCENY,PD210402103208,12700 BLOCK WOOD ST,Miami-Dade Police,20210402090000
445,BURGLARY - OTHER STRUCTURE,2104020020532,2500 BLOCK NW 1ST ST,Miami Police,20210402085500
446,THEFT - OF MOTOR VEHICLE PARTS,2104020020535,1800 BLOCK NW 21ST ST,Miami Police,20210402085300
447,CRIMINAL MISCHIEF / VANDALISM,2104020020537,200 BLOCK NE 3RD ST,Miami Police,20210402084800
448,PERSON IN ACTUAL OR CONSTRUCTIVE POSSESSION OF A CONTROLLED SUBSTANCE,2104020020526,3000 BLOCK SW 8TH ST,Miami Police,20210402083700
449,BATTERY / DOMESTIC,2104020020528,600 BLOCK NW 56TH ST,Miami Police,20210402082700
450,ROBBERY,PD210402102987,7000 BLOCK NW 27TH AVE,Miami-Dade Police,20210402081800
451,"GRAND THEFT - MOTOR VEHICLE (LESS THAN $100,000)",2104020020545,3800 BLOCK NW 12TH TER,Miami Police,20210402081600
452,"GRAND THEFT - MOTOR VEHICLE (LESS THAN $100,000)",2104020020545,3800 BLOCK NW 12TH TER,Miami Police,20210402081600
453,THEFT/LARCENY,PD210402102994,9800 BLOCK E HIBISCUS ST,Miami-Dade Police,20210402081000
454,THEFT/LARCENY,PD210405106287,16000 BLOCK SW 55TH TER,Miami-Dade Police,20210402080000
455,MOTOR VEHICLE THEFT,PD210405106679,8500 BLOCK SW 152ND AVE,Miami-Dade Police,20210402080000
456,VEHICLE BREAK-IN/THEFT,PD210405106262,MIA-36 ST-BLDG 919-L1,Miami-Dade Police,20210402080000
457,FRAUD,PD210409111190,1000 BLOCK SW 104TH CT,Miami-Dade Police,20210402080000
458,THEFT/LARCENY,PD210421124811,13000 BLOCK SW 42ND ST,Miami-Dade Police,20210402073000
459,ARMED ROBBERY - FIREARM OR OTHER DEADLY WEAPON,2104020020519,600 BLOCK NW 62ND ST,Miami Police,20210402071500
460,THEFT/LARCENY,PD210405106621,600 BLOCK NW 123RD AVE,Miami-Dade Police,20210402070000
461,THEFT/LARCENY,PD210706213588,10000 BLOCK SW 56TH ST,Miami-Dade Police,20210402070000
462,ASSAULT,PD210402103044,1100 BLOCK NW 126 AVE,Miami-Dade Police,20210402070000
463,THEFT - OF MOTOR VEHICLE PARTS,2104020020514,5400 BLOCK SW 5TH ST,Miami Police,20210402064300
464,HOME-INVASION ROBBERY,2104020020510,1200 BLOCK NW 30TH ST,Miami Police,20210402064100
465,CRIMINAL MISCHIEF / VANDALISM,2104020020513,700 BLOCK NE 80TH ST,Miami Police,20210402063400
466,AUTO THEFT,2104020020515,1000 BLOCK NW 63RD ST,Miami Police,20210402061800
467,AUTO THEFT,2104020020515,1000 BLOCK NW 63RD ST,Miami Police,20210402061800
468,THEFT/LARCENY,PD210402103625,JMH MAIN,Miami-Dade Police,20210402055000
469,THEFT/LARCENY,PD210402103415,2300 BLOCK NW 93RD TER,Miami-Dade Police,20210402051900
470,THEFT/LARCENY,PD210403104117,11200 BLOCK NW 17TH AVE,Miami-Dade Police,20210402050000
471,VEHICLE BREAK-IN/THEFT,PD210402102913,8300 BLOCK SW 89TH ST,Miami-Dade Police,20210402050000
472,THEFT/LARCENY,PD210402102876,3100 BLOCK NW 62ND ST,Miami-Dade Police,20210402034900
473,VEHICLE BREAK-IN/THEFT,PD210402103465,4400 BLOCK SW 15TH TER,Miami-Dade Police,20210402030000
474,MOTOR VEHICLE THEFT,PD210402103851,MIA-DOLPHIN-S-L5,Miami-Dade Police,20210402030000
475,VEHICLE BREAK-IN/THEFT,PD210402102851,8400 BLOCK S DIXIE HWY,Miami-Dade Police,20210402022500
476,"GRAND THEFT - MOTOR VEHICLE (LESS THAN $100,000)",2104020020504,2300 BLOCK NW 7TH ST,Miami Police,20210402020100
477,THEFT/LARCENY,PD210405106745,2600 BLOCK NW 42ND AVE,Miami-Dade Police,20210402020000
478,CRIMINAL MISCHIEF / VANDALISM,2104020020497,BISCAYNE BLVD / NE 81ST ST,Miami Police,20210402005500
479,ARSON,PD210402102805,800 BLOCK NW 109TH ST,Miami-Dade Police,20210402004900
480,AGGRAVATED ASSAULT,012104000033,"5700 BLOCK SW 19TH ST, WEST PARK",Broward County Sheriff,20210402004800
481,AGGRAVATED ASSAULT,210402006281,8600 BLOCK NW 41ST ST,Doral Police,20210402004700
482,VANDALISM TO VEHICLE,21001856,2300 BLOCK GALIANO ST,Coral Gables Police,20210402004300
483,VANDALISM TO VEHICLE,21001856,2300 BLOCK GALIANO ST,Coral Gables Police,20210402004300
484,ASSAULT,PD210422125932,9900 BLOCK SW 66TH ST,Miami-Dade Police,20210402000000
485,FRAUD,PD210525164726,14800 BLOCK SW 159TH ST,Miami-Dade Police,20210402000000
486,FRAUD,PD210405106676,700 BLOCK NW 127TH PL,Miami-Dade Police,20210402000000
487,AGGRAVATED BATTERY,210402006279,8900 BLOCK NW 97TH AVE,Doral Police,20210401235601
488,GRAND THEFT - FROM MOTOR VEHICLE - $300 TO LESS THAN $5000,2104020020495,1800 BLOCK NW 9TH AV,Miami Police,20210401235601
489,DRUGS/ALCOHOL VIOLATIONS,PD210401102781,SW 40TH TER & SW 102ND AVE,Miami-Dade Police,20210401232201
490,THEFT/LARCENY,PD210404105628,10300 BLOCK SUNSET DR,Miami-Dade Police,20210401231901
491,PETIT THEFT,2104010020487,700 BLOCK NW 51ST ST,Miami Police,20210401231301
492,CRIMINAL MISCHIEF / VANDALISM,2104010020485,400 BLOCK SE 2ND AVE,Miami Police,20210401231001
493,CRIMINAL MISCHIEF / VANDALISM,2104010020481,900 BLOCK SW 4TH ST,Miami Police,20210401225901
494,BATTERY / DOMESTIC,2104010020480,100 BLOCK NW 24TH ST,Miami Police,20210401225201
495,ASSAULT,PD210401102710,5300 BLOCK NW 190TH LN,Miami-Dade Police,20210401223501
496,ASSAULT,PD210401102723,7800 BLOCK W FLAGLER ST,Miami-Dade Police,20210401223001
497,"GRAND THEFT - MOTOR VEHICLE (LESS THAN $100,000)",2104010020484,1700 BLOCK NW 1ST AV,Miami Police,20210401222801
498,BATTERY / AGG / DOMESTIC,2104010020475,200 BLOCK NW 25TH ST,Miami Police,20210401220001
499,BATTERY / AGG / DOMESTIC,2104010020475,200 BLOCK NW 25TH ST,Miami Police,20210401220001
500,BATTERY / DOMESTIC,2104010020475,200 BLOCK NW 25TH ST,Miami Police,20210401220001
501,VEHICLE BREAK-IN/THEFT,PD210417120514,900 BLOCK NE 89TH TER,Miami-Dade Police,20210401220001
502,THEFT/LARCENY,PD210901277536,1600 BLOCK NW 12TH AVE,Miami-Dade Police,20210401220001
503,PETIT THEFT - FROM MOTOR VEHICLE / $100 TO LESS THAN,2104010020468,7000 BLOCK NW 15TH AV,Miami Police,20210401215701
504,THEFT/LARCENY,PD210402103496,15700 BLOCK SW 88TH ST,Miami-Dade Police,20210401215501
505,ASSAULT,PD210401102657,2300 BLOCK NW 57TH ST,Miami-Dade Police,20210401214201
506,PETIT THEFT (OPEN),2100905,13500 BLOCK S DIXIE HWY,Pinecrest Police,20210401212001
507,ASSAULT,PD210401102631,17900 BLOCK SW 104TH AVE,Miami-Dade Police,20210401211001
508,BURGLARY - RESIDENCE,2104010020463,1800 BLOCK NW 50TH ST,Miami Police,20210401205201
509,BURGLARY - RESIDENCE,2104010020463,1800 BLOCK NW 50TH ST,Miami Police,20210401205201
510,THEFT OF BICYCLE,2104020020611,400 BLOCK NE 18TH ST,Miami Police,20210401204101
511,ASSAULT,PD210401102655,7000 BLOCK SW 106TH PL,Miami-Dade Police,20210401203001
512,THEFT/LARCENY,PD210401102603,13600 BLOCK S DIXIE HWY,Miami-Dade Police,20210401202201
513,BATTERY / SIMPLE,2104010020456,4100 BLOCK NW 11TH PL,Miami Police,20210401201301
514,BURGLARY,PD210401102613,8900 BLOCK NW 154TH TER,Miami-Dade Police,20210401194801
515,ASSAULT,PD210401102517,SW 141ST ST & JEFFERSON ST,Miami-Dade Police,20210401190101
516,BURGLARY,PD210401102686,900 BLOCK NW 91ST ST,Miami-Dade Police,20210401190001
517,THEFT/LARCENY,PD210401102573,7500 BLOCK SW 88TH ST,Miami-Dade Police,20210401190001
518,VANDALISM,PD210729239633,5400 BLOCK NW 168TH TER,Miami-Dade Police,20210401190001
519,AUTO THEFT,2104010020435,400 BLOCK NW 12TH AV,Miami Police,20210401183901
520,AUTO THEFT,2104010020435,1000 BLOCK NW 5TH ST,Miami Police,20210401183901
521,BURGLARY - MOTOR VEHICLE (CONVEYANCE),2103290019566,300 BLOCK TAMIAMI CANAL RD,Miami Police,20210401183001
522,ASSAULT,PD210401102527,1300 BLOCK NW 13TH ST,Miami-Dade Police,20210401182601
523,DRUGS/ALCOHOL VIOLATIONS,PD210401102496,3000 BLOCK NW 51ST ST,Miami-Dade Police,20210401182201
524,WEAPONS,PD210401102602,NW 27TH AVE & NW 52ND ST,Miami-Dade Police,20210401182001
525,PERSON IN ACTUAL OR CONSTRUCTIVE POSSESSION OF COCAINE (POWDER OR CRACK),2104010020422,NW 7TH CT / NW 12TH ST,Miami Police,20210401181901
526,MOTOR VEHICLE THEFT,PD210413115594,1000 BLOCK SW 68TH AVE,Miami-Dade Police,20210401181501
527,BURGLARY - MOTOR VEHICLE (CONVEYANCE),2104010020412,1100 BLOCK NW 7TH CT,Miami Police,20210401174301
528,POSSESSION OF COCAINE/ CONSTRUCTIVE POSSESSION,2104010020415,NW 27TH AV / NW 7TH ST,Miami Police,20210401173201
529,ASSAULT,PD210401102407,7500 BLOCK SW 88TH ST,Miami-Dade Police,20210401172301
530,ASSAULT,PD210401102396,2300 BLOCK NW 70TH AVE,Miami-Dade Police,20210401165501
531,"GRAND THEFT - MOTOR VEHICLE (LESS THAN $100,000)",2104010020408,800 BLOCK BISCAYNE BLVD,Miami Police,20210401164701
532,"GRAND THEFT - MOTOR VEHICLE (LESS THAN $100,000)",2104010020408,800 BLOCK BISCAYNE BLVD,Miami Police,20210401164701
533,ASSAULT,PD210401102374,7600 BLOCK NW 27TH AVE,Miami-Dade Police,20210401164501
534,BURGLARY - MOTOR VEHICLE (CONVEYANCE),2104010020405,2800 BLOCK NW 27TH AV,Miami Police,20210401164001
535,THEFT/LARCENY,PD210402103024,5700 BLOCK NW 183RD ST,Miami-Dade Police,20210401163001
536,BURGLARY - MAKES AN ASSAULT OR BATTERY UPON ANY PERSON (SIMPLE),2104010020390,100 BLOCK NE 78TH ST,Miami Police,20210401161801
537,BATTERY / SIMPLE,2104010020390,100 BLOCK NE 78TH ST,Miami Police,20210401161801
538,BURGLARY - MAKES AN ASSAULT OR BATTERY UPON ANY PERSON (SIMPLE),2104010020390,100 BLOCK NE 78TH ST,Miami Police,20210401161801
539,THEFT/LARCENY,PD210401102362,15400 BLOCK SW 137TH AVE,Miami-Dade Police,20210401161501
540,FRAUD,PD210401102342,13900 BLOCK OLD CUTLER RD,Miami-Dade Police,20210401161201
541,ASSAULT,PD210401102324,400 BLOCK E 65TH ST,Miami-Dade Police,20210401160101
542,VEHICLE BREAK-IN/THEFT,PD210401102488,7900 BLOCK NW 27TH AVE,Miami-Dade Police,20210401160001
543,THEFT/LARCENY,PD210420123973,15200 BLOCK SW 141ST ST,Miami-Dade Police,20210401160001
544,THEFT/LARCENY,PD210406107603,5900 BLOCK NW 19TH AVE,Miami-Dade Police,20210401160001
545,STRONG ARM ROBBERY - NO FIREARM OR WEAPON,2104010020389,N MIAMI AV / NE 40TH ST,Miami Police,20210401155501
546,STRONG ARM ROBBERY - NO FIREARM OR WEAPON,2104010020389,N MIAMI AV / NE 40TH ST,Miami Police,20210401155501
547,BURGLARY / DWELLING OCCUPIED (NO ASSAULT / BATTERY - NO WEAPON),2104010020398,100 BLOCK NW 47TH AV,Miami Police,20210401154801
548,ASSAULT / AGG / WITH AN INTENT TO COMMIT A FELONY,2104010020398,100 BLOCK NW 47TH AV,Miami Police,20210401154801
549,BURGLARY / DWELLING OCCUPIED (NO ASSAULT / BATTERY - NO WEAPON),2104010020398,100 BLOCK NW 47TH AV,Miami Police,20210401154801
550,FRAUD,PD210401102313,5000 BLOCK NW 177TH ST,Miami-Dade Police,20210401154801
551,BATTERY / SIMPLE,2104010020402,800 BLOCK NW 37TH AV,Miami Police,20210401154101
552,THEFT/LARCENY,PD210401102580,2700 BLOCK SW 74TH AVE,Miami-Dade Police,20210401153001
553,THEFT OTHER,21001838,1000 BLOCK SUNSET RD,Coral Gables Police,20210401153001
554,THEFT OTHER,21001838,1000 BLOCK SUNSET RD,Coral Gables Police,20210401153001
555,OFFERING FOR OR ENGAGING IN PROSTITUTION,2104010020373,900 BLOCK NW 27TH AVE,Miami Police,20210401151501
556,SIMPLE ASSAULT / THREATS,21001840,800 BLOCK PONCE DE LEON BLVD,Coral Gables Police,20210401151401
557,FRAUD,PD210401102275,2300 BLOCK NW 70TH AVE,Miami-Dade Police,20210401150501
558,THEFT/LARCENY,PD210407108804,9400 BLOCK SW 170TH ST,Miami-Dade Police,20210401150001
559,THEFT OF AUTOMOBILE,210401006253,2100 BLOCK NW 96TH AVE,Doral Police,20210401144901
560,CRIMINAL MISCHIEF / VANDALISM,2104010020360,2200 BLOCK NW 3RD ST,Miami Police,20210401143901
561,WEAPONS,PD210401102226,MIA-CC D-TSA SECURITY CHECKPOINT 2-L2,Miami-Dade Police,20210401142101
562,SIMPLE BATTERY,2104010020379,2300 BLOCK SW 17TH ST,Miami Police,20210401141501
563,THEFT/LARCENY,PD210401102223,7200 BLOCK SW 88TH ST,Miami-Dade Police,20210401141001
564,AUTO THEFT,2104010020353,SW 17TH AV / SW 4TH ST,Miami Police,20210401140801
565,AUTO THEFT,2104010020353,1100 BLOCK BRICKELL BAY DR,Miami Police,20210401140801
566,AUTO THEFT,2104010020349,NW 19TH AV / W FLAGLER ST,Miami Police,20210401140001
567,FRAUD,PD210401102210,2300 BLOCK NW 70TH AVE,Miami-Dade Police,20210401135601
568,BURGLARY,PD210401102677,14200 BLOCK CARVER DR,Miami-Dade Police,20210401135501
569,"GRAND THEFT - FROM MOTOR VEHICLE - $10,000 TO LESS THAN $20,000",2104010020381,BISCAYNE BLVD / NE 35TH ST,Miami Police,20210401135401
570,BATTERY / SIMPLE,2104010020345,2100 BLOCK NW 36TH ST,Miami Police,20210401135201
571,BURGLARY - MOTOR VEHICLE (CONVEYANCE),2104010020362,2200 BLOCK NW 7TH ST,Miami Police,20210401135201
572,BURGLARY/ THEFT FROM AUTO,2100900,10500 BLOCK SW 71ST AV,Pinecrest Police,20210401135001
573,ASSAULT,PD210401102181,500 BLOCK NE 149TH ST,Miami-Dade Police,20210401133701
574,ASSAULT,PD210401102185,16800 BLOCK SW 92ND AVE,Miami-Dade Police,20210401133301
575,FRAUD,PD210414117265,7500 BLOCK SW 88TH ST,Miami-Dade Police,20210401133001
576,FRAUD,PD210401102260,3300 BLOCK NW 72ND AVE,Miami-Dade Police,20210401133001
577,THEFT/LARCENY,PD210401102546,200 BLOCK NW 106TH ST,Miami-Dade Police,20210401132301
578,THEFT - ALL OTHER,2104010020354,1800 BLOCK NW 47TH TER,Miami Police,20210401132201
579,BURGLARY - MOTOR VEHICLE (CONVEYANCE),2104010020328,2100 BLOCK SW 6TH ST,Miami Police,20210401130001
580,RESISTING OFFICER W/ VIOLENCE TO HIS PERSON (AGGRAVATED ASSAULT),2104010020334,0 BLOCK SW 9TH ST,Miami Police,20210401125401
581,THEFT/LARCENY,PD210405106366,15700 BLOCK NW 2ND AVE,Miami-Dade Police,20210401122801
582,CRIMINAL MISCHIEF / VANDALISM,2104010020325,6200 BLOCK W FLAGLER ST,Miami Police,20210401120201
583,FRAUD,PD210524163469,19400 BLOCK NW 54TH PL,Miami-Dade Police,20210401120001
584,FRAUD,PD210911288211,13400 BLOCK SW 144TH TER,Miami-Dade Police,20210401120001
585,THEFT/LARCENY,PD210408110369,7800 BLOCK SW 102ND LN,Miami-Dade Police,20210401120001
586,FRAUD,PD210616190940,7400 BLOCK SW 162ND PATH,Miami-Dade Police,20210401120001
587,DRUGS/ALCOHOL VIOLATIONS,PD210401102156,NW 12TH AVE & NW 48TH ST,Miami-Dade Police,20210401114700
588,FRAUD,PD210401102116,9300 BLOCK SW 82ND AVE,Miami-Dade Police,20210401114700
589,VEHICLE BREAK-IN/THEFT,PD210401102076,1700 BLOCK NW 93RD TER,Miami-Dade Police,20210401112500
590,FRAUD,PD210413115819,9200 BLOCK SW 120TH ST,Miami-Dade Police,20210401110000
591,THEFT/LARCENY,PD210402103382,MIA-CC D-TSA SECURITY CHECKPOINT 3-L2,Miami-Dade Police,20210401110000
592,FRAUD,PD210414116730,14000 BLOCK SW 67TH TER,Miami-Dade Police,20210401110000
593,THEFT/LARCENY,PD210401102138,10900 BLOCK NW 14TH AVE,Miami-Dade Police,20210401104900
594,VANDALISM,PD210401102287,W 60TH ST & W 22ND CT,Miami-Dade Police,20210401103500
595,DRUGS/ALCOHOL VIOLATIONS,PD210401102064,6200 BLOCK W 22ND CT,Miami-Dade Police,20210401103400
596,ARSON,PD210401102013,15400 BLOCK NE 6TH AVE,Miami-Dade Police,20210401102800
597,BURGLARY AND THEFT FROM CURTILAGE,21001835,500 BLOCK MINORCA AV,Coral Gables Police,20210401100300
598,FRAUD,PD210406107354,8500 BLOCK SW 125TH TER,Miami-Dade Police,20210401100000
599,CRIMINAL MISCHIEF / VANDALISM,2104010020295,2500 BLOCK NE 2ND AV,Miami Police,20210401095900
600,CRIMINAL MISCHIEF / VANDALISM,2104010020305,1200 BLOCK NW 22ND ST,Miami Police,20210401095600
601,THEFT - FROM MOTOR VEHICLE,2104010020318,1200 BLOCK NW 29TH AV,Miami Police,20210401095200
602,ASSAULT,PD210401101962,12400 BLOCK NW 21ST CT,Miami-Dade Police,20210401093700
603,SIMPLE BATTERY,2104010020294,1200 BLOCK NW 2ND AV,Miami Police,20210401093300
604,ASSAULT,PD210401101961,8800 BLOCK SW 20TH ST,Miami-Dade Police,20210401093200
605,ASSAULT,PD210427131886,200 BLOCK NW 84TH TER,Miami-Dade Police,20210401093000
606,GRAND THEFT - UNSPECIFIED - $300 TO LESS THAN $5000,2104010020306,1500 BLOCK NW 3RD ST,Miami Police,20210401091000
607,ASSAULT,PD210401101950,9800 BLOCK E HIBISCUS ST,Miami-Dade Police,20210401091000
608,VANDALISM,PD210402103065,15200 BLOCK SW 80TH ST,Miami-Dade Police,20210401090000
609,THEFT/LARCENY,PD210426131012,7300 BLOCK CORAL WAY,Miami-Dade Police,20210401090000
610,FRAUD,PD210430135192,3500 BLOCK NW 82ND ST,Miami-Dade Police,20210401090000
611,THEFT - FROM MOTOR VEHICLE,2104010020278,1200 BLOCK NW 34TH ST,Miami Police,20210401083500
612,THEFT - FROM MOTOR VEHICLE,2104010020278,1200 BLOCK NW 34TH ST,Miami Police,20210401083500
613,MOTOR VEHICLE THEFT,PD210402103027,200 BLOCK NW 84TH ST,Miami-Dade Police,20210401083000
614,SIMPLE BATTERY,2104010020279,100 BLOCK NW 19TH AVE,Miami Police,20210401081600
615,VANDALISM TO PROPERTY,210401006230,9300 BLOCK NW 13TH ST,Doral Police,20210401081100
616,GRAND THEFT - UNSPECIFIED - $300 TO LESS THAN $5000,2104010020275,100 BLOCK SE 1ST AV,Miami Police,20210401080100
617,FRAUD,PD210722231650,5500 BLOCK NW 72ND AVE,Miami-Dade Police,20210401080000
618,THEFT/LARCENY,PD210405106609,10600 BLOCK SW 113TH PL,Miami-Dade Police,20210401080000
619,VEHICLE BREAK-IN/THEFT,PD210525164662,1600 BLOCK SW 99TH CT,Miami-Dade Police,20210401080000
620,FRAUD,PD210521159805,10000 BLOCK SW 58TH ST,Miami-Dade Police,20210401080000
621,MOTOR VEHICLE THEFT,PD210402103025,14000 BLOCK SW 84TH ST,Miami-Dade Police,20210401080000
622,DRUGS/ALCOHOL VIOLATIONS,PD210401101881,6200 BLOCK NW 27TH AVE,Miami-Dade Police,20210401072300
623,FRAUD,PD210608181257,400 BLOCK NW 107TH AVE,Miami-Dade Police,20210401070000
624,THEFT/LARCENY,PD210922300998,3300 BLOCK NW 81ST TER,Miami-Dade Police,20210401070000
625,VANDALISM,PD210411114078,11400 BLOCK SW 183RD TER,Miami-Dade Police,20210401070000
626,THEFT/LARCENY,PD210405106743,17900 BLOCK SW 137TH PL,Miami-Dade Police,20210401070000
627,VEHICLE BREAK-IN/THEFT,PD210401102646,8800 BLOCK SW 136TH ST,Miami-Dade Police,20210401070000
628,BURGLARY,PD210401101887,4700 BLOCK NW 24TH CT,Miami-Dade Police,20210401064500
629,ROBBERY,PD210401101849,4500 BLOCK NW 23RD AVE,Miami-Dade Police,20210401061800
630,ASSAULT,PD210401101843,6200 BLOCK NW 27TH AVE,Miami-Dade Police,20210401055400
631,SIMPLE BATTERY,2104010020261,400 BLOCK NW 9TH ST,Miami Police,20210401052100
632,THEFT/LARCENY,PD210401101895,9700 BLOCK NW 26TH AVE,Miami-Dade Police,20210401040000
633,MOTOR VEHICLE THEFT,PD210402102965,8300 BLOCK SW 137TH AVE,Miami-Dade Police,20210401040000
634,THEFT/LARCENY,PD210401101803,1600 BLOCK NW 119TH ST,Miami-Dade Police,20210401031300
635,THEFT/LARCENY,PD210401102139,10300 BLOCK SW 180TH ST,Miami-Dade Police,20210401022800
636,CRIMINAL MISCHIEF / VANDALISM,2104010020255,NW 8TH AV / NW 18TH ST,Miami Police,20210401021500
637,VANDALISM,PD210401101786,2700 BLOCK NW 57TH ST,Miami-Dade Police,20210401021400
638,AGGRAVATED BATTERY,210331006215,9400 BLOCK NW 13TH ST,Doral Police,20210401020300
639,ROBBERY,PD210401101776,7000 BLOCK NW 72ND AVE,Miami-Dade Police,20210401015100
640,ASSAULT / AGGRAVATED / PERSON 65 YEARS OF AGE OR OLDER,2104010020250,1000 BLOCK NW 31ST ST,Miami Police,20210401011100
641,THEFT/LARCENY,PD210401101760,1200 BLOCK NW 115TH ST,Miami-Dade Police,20210401010900
642,VEHICLE BREAK-IN/THEFT,PD210401102069,800 BLOCK NW 74TH ST,Miami-Dade Police,20210401010000
643,SIMPLE BATTERY,2104010020247,1100 BLOCK BRICKELL BAY DR,Miami Police,20210401005700
644,ASSAULT,PD210401101740,1000 BLOCK NW 106TH ST,Miami-Dade Police,20210401003200
645,ASSAULT / AGG / DOMESTIC,2104010020246,1800 BLOCK NW 51ST TER,Miami Police,20210401003000
646,ATT. FELONY MURDER/PERPETRATES FELONY LISTED 782.04(3) W/O CAUSING DEATH,2104010020246,1800 BLOCK NW 51ST TER,Miami Police,20210401003000
647,ATT. FELONY MURDER/PERPETRATES FELONY LISTED 782.04(3) W/O CAUSING DEATH,2104010020246,1800 BLOCK NW 51ST TER,Miami Police,20210401003000
648,PERSON IN ACTUAL OR CONSTRUCTIVE POSSESSION OF COCAINE (POWDER OR CRACK),2104010020236,NW 2ND AV / NW 18TH ST,Miami Police,20210401000900
649,MOTOR VEHICLE THEFT,PD210520159074,20900 BLOCK SAN SIMEON WAY,Miami-Dade Police,20210401000000
650,THEFT/LARCENY,PD210401102335,10700 BLOCK NW 27TH AVE,Miami-Dade Police,20210401000000
651,FRAUD,PD210527166454,1900 BLOCK NW 47TH TER,Miami-Dade Police,20210401000000
652,BURGLARY,PD210520158422,SW 180TH ST & SW 187TH AVE,Miami-Dade Police,20210401000000
653,THEFT/LARCENY,PD210421125101,13300 BLOCK SW 88TH TER,Miami-Dade Police,20210401000000
654,IDENTITY THEFT,2102225,12500 BLOCK CRESCENT WAY,Pinecrest Police,20210401000000
655,THEFT/LARCENY,PD210505141149,8200 BLOCK NW 68TH ST,Miami-Dade Police,20210401000000
656,VANDALISM,PD210401101758,8500 BLOCK SW 124TH AVE,Miami-Dade Police,20210401000000
657,THEFT/LARCENY,PD210630206842,14800 BLOCK SW 140TH PL,Miami-Dade Police,20210401000000
658,FRAUD,PD210524163352,6300 BLOCK SW 91ST AVE,Miami-Dade Police,20210401000000
659,THEFT/LARCENY,PD210331101694,6300 BLOCK NW 18TH AVE,Miami-Dade Police,20210331232501
660,THEFT FROM MOTOR VEHICLE,21001829,1000 BLOCK ALFONSO AV,Coral Gables Police,20210331231701
661,THEFT BY SHOPLIFTING,210331006205,1400 BLOCK NW 107TH AVE,Doral Police,20210331230001
662,ASSAULT,PD210331101658,NW 112TH ST & NW 7TH AVE,Miami-Dade Police,20210331224801
663,"GRAND THEFT - MOTOR VEHICLE (LESS THAN $100,000)",2103310020223,100 BLOCK NW 20TH ST,Miami Police,20210331223201
664,"GRAND THEFT - MOTOR VEHICLE (LESS THAN $100,000)",2103310020223,100 BLOCK NW 20TH ST,Miami Police,20210331223201
665,ASSAULT,PD210331101667,NW 57TH AVE & GRATIGNY OFF RAMP,Miami-Dade Police,20210331223001
666,VEHICLE BREAK-IN/THEFT,PD210401102651,8800 BLOCK SW 172ND AVE,Miami-Dade Police,20210331223001
667,AGGRAVATED BATTERY,2103310020226,NATOMA ST / SECOFFEE ST,Miami Police,20210331221201
668,THEFT BY SHOPLIFTING,210331006211,9600 BLOCK NW 41ST ST,Doral Police,20210331220501
669,THEFT/LARCENY,PD210406108052,200 BLOCK NE 185TH ST,Miami-Dade Police,20210331220001
670,FELONY DOMESTIC BATTERY BY STRANGULATION (MINOR INJURIES),2103310020227,1600 BLOCK NW 4TH AV,Miami Police,20210331215601
671,CRIMINAL MISCHIEF / VANDALISM,2103310020215,2400 BLOCK NW 35TH ST,Miami Police,20210331215001
672,ASSAULT,PD210331101660,18000 BLOCK SW 197TH AVE,Miami-Dade Police,20210331215001
673,MOTOR VEHICLE THEFT,PD210331101588,NW 27TH AVE & NW 71ST ST,Miami-Dade Police,20210331213201
674,ASSAULT,PD210331101601,20100 BLOCK NW 84TH AVE,Miami-Dade Police,20210331213001
675,THEFT - ALL OTHER,2103310020212,1700 BLOCK N BAYSHORE DR,Miami Police,20210331212601
676,AGGRAVATED ASSAULT,2103310020211,3100 BLOCK NE 7TH AV,Miami Police,20210331211901
677,BURGLARY TO MOTOR VEHICLE,210331006207,8900 BLOCK NW 20TH ST,Doral Police,20210331211901
678,ASSAULT,PD210331101626,14600 BLOCK NW 185TH ST,Miami-Dade Police,20210331210001
679,THEFT/LARCENY,PD210331101551,8900 BLOCK NW 22ND AVE,Miami-Dade Police,20210331205201
680,THEFT/LARCENY,PD210331101565,10200 BLOCK SW 177TH ST,Miami-Dade Police,20210331204701
681,AGGRAVATED BATTERY,2103310020199,100 BLOCK NE 64TH ST,Miami Police,20210331203601
682,AGGRAVATED BATTERY,2103310020199,100 BLOCK NE 64TH ST,Miami Police,20210331203601
683,THEFT BY SHOPLIFTING,21001827,1900 BLOCK PONCE DE LEON BLVD,Coral Gables Police,20210331203501
684,CRIMINAL MISCHIEF / VANDALISM,2103310020204,100 BLOCK SW 63RD CT,Miami Police,20210331202901
685,THEFT OF AUTOMOBILE,210331006203,1400 BLOCK NW 107TH AVE,Doral Police,20210331202001
686,MURDER / DANGEROUS ACT EVINCING A DEPRAVED MIND W/O PREMED / 2ND DEG.,2103310020206,1700 BLOCK NW 41ST ST,Miami Police,20210331201801
687,THEFT/LARCENY,PD210331101519,NW 103RD ST & NW 15TH AVE,Miami-Dade Police,20210331201501
688,FRAUD,PD210401102411,15800 BLOCK SW 150TH CT,Miami-Dade Police,20210331200001
689,THEFT BY SHOPLIFTING,210331006200,1400 BLOCK NW 107TH AVE,Doral Police,20210331194801
690,PERSON IN ACTUAL OR CONSTRUCTIVE POSSESSION OF COCAINE (POWDER OR CRACK),2103310020193,NW 14TH AV / NW 5TH ST,Miami Police,20210331194201
691,"GRAND THEFT - MOTOR VEHICLE (LESS THAN $100,000)",2103310020195,5100 BLOCK NW 7TH ST,Miami Police,20210331194101
692,"GRAND THEFT - MOTOR VEHICLE (LESS THAN $100,000)",2103310020195,5100 BLOCK NW 7TH ST,Miami Police,20210331194101
693,BATTERY / SIMPLE,2103310020203,2400 BLOCK NW 35TH ST,Miami Police,20210331193801
694,BURGLARY - MOTOR VEHICLE (CONVEYANCE),2103310020184,6300 BLOCK NE 2ND AV,Miami Police,20210331193501
695,VEHICLE BREAK-IN/THEFT,PD210401101891,00 BLOCK NW 84TH ST,Miami-Dade Police,20210331193001
696,CRIMINAL MISCHIEF / VANDALISM,2103310020181,300 BLOCK NE 61ST ST,Miami Police,20210331192201
697,OBTAINING FOOD OR LODGING WITH INTENT TO DEFRAUD: LESS THAN $300,2103310020182,300 BLOCK NW 24TH ST,Miami Police,20210331192101
698,ASSAULT,PD210331101469,7000 BLOCK NW 41ST ST,Miami-Dade Police,20210331191701
699,CANNABIS/SELL/MAN/DELIVER/POSSESS W/ INTENT,2103310020174,NW 13TH AV / NW 36TH ST,Miami Police,20210331190301
700,FRAUD,PD210331101706,15000 BLOCK SW 115TH TER,Miami-Dade Police,20210331190001
701,VEHICLE BREAK-IN/THEFT,PD210401102253,6900 BLOCK MAIN ST,Miami-Dade Police,20210331190001
702,ASSAULT,PD210331101470,19600 BLOCK NW 52ND PL,Miami-Dade Police,20210331190001
703,MOTOR VEHICLE THEFT,PD210331101439,NW 32ND AVE & NW 99TH ST,Miami-Dade Police,20210331185801
704,DRUGS/ALCOHOL VIOLATIONS,PD210331101411,3100 BLOCK NW 53RD ST,Miami-Dade Police,20210331185101
705,THEFT/LARCENY,PD210713221713,9100 BLOCK SW 137TH AVE,Miami-Dade Police,20210331184001
706,PETIT THEFT,2103310020178,0 BLOCK E FLAGLER ST,Miami Police,20210331182201
707,THEFT/LARCENY,PD210331101496,15000 BLOCK SW 88TH ST,Miami-Dade Police,20210331182201
708,AUTO THEFT,012103000980,"4100 BLOCK SW 23RD ST, WEST PARK",Broward County Sheriff,20210331181801
709,BATTERY / SIMPLE,2103310020166,3200 BLOCK NE MIAMI CT,Miami Police,20210331181401
710,"GRAND THEFT - MOTOR VEHICLE (LESS THAN $100,000)",2103310020160,1100 BLOCK BRICKELL AV,Miami Police,20210331181001
711,FRAUD,PD210401102052,6000 BLOCK NW 167TH ST,Miami-Dade Police,20210331180001
712,VEHICLE BREAK-IN/THEFT,PD210401102038,8200 BLOCK SW 72ND AVE,Miami-Dade Police,20210331180001
713,VEHICLE BREAK-IN/THEFT,PD210401101876,12100 BLOCK SW 114TH PL,Miami-Dade Police,20210331180001
714,VEHICLE BREAK-IN/THEFT,PD210401101933,12100 BLOCK SW 114TH PL,Miami-Dade Police,20210331180001
715,THEFT - ALL OTHER,2103310020175,100 BLOCK NW 6TH ST,Miami Police,20210331175001
716,THEFT/LARCENY,PD210331101381,11200 BLOCK SW 152ND ST,Miami-Dade Police,20210331174701
717,MOTOR VEHICLE THEFT,PD210331101378,NW 7TH AVE & NW 81ST ST,Miami-Dade Police,20210331174701
718,MOTOR VEHICLE THEFT,PD210402103108,8200 BLOCK SW 72ND AVE,Miami-Dade Police,20210331173001
719,VEHICLE BREAK-IN/THEFT,PD210331101361,10400 BLOCK NW 7TH AVE,Miami-Dade Police,20210331172801
720,ROBBERY BY SUDDEN SNATCH - WITH FORCE,2103310020169,1600 BLOCK NW 27TH AVE,Miami Police,20210331172801
721,THEFT/LARCENY,PD210419122835,15200 BLOCK SW 81ST TER,Miami-Dade Police,20210331170001
722,ASSAULT,PD210331101327,NW 26TH ST & NW 42ND AVE,Miami-Dade Police,20210331170001
723,THEFT/LARCENY,PD210407108844,8200 BLOCK NW 1ST PL,Miami-Dade Police,20210331170001
724,MOTOR VEHICLE THEFT,PD210331101478,8300 BLOCK NW 27TH AVE,Miami-Dade Police,20210331170001
725,CRIMINAL MISCHIEF / VANDALISM,2103310020147,NW 2 AVENUE AND NW 28 ST,Miami Police,20210331164401
726,FRAUDULENT USE OF PERSONAL IDENTIFICATION INFORMATION,2103310020151,1700 BLOCK NW 30TH ST,Miami Police,20210331164301
727,ASSAULT,PD210331101359,9300 BLOCK NW 33RD CT,Miami-Dade Police,20210331163901
728,DRUGS/ALCOHOL VIOLATIONS,PD210331101248,NE 68TH ST & N MIAMI AVE,Miami-Dade Police,20210331163001
729,VEHICLE BREAK-IN/THEFT,PD210331101319,9500 BLOCK NW 27TH AVE,Miami-Dade Police,20210331163001
730,ORGANIZED FRAUD: ENGAGES IN SCHEME - COMMUNICATES WITH VICTIM - $300 OR MORE,2103310020142,2700 BLOCK BISCAYNE BLVD,Miami Police,20210331162801
731,ASSAULT,PD210331101279,1700 BLOCK SW 98TH AVE,Miami-Dade Police,20210331162101
732,GRAND THEFT,2103310020140,3600 BLOCK PERCIVAL AV,Miami Police,20210331161301
733,THEFT - FROM MOTOR VEHICLE,2103310020131,900 BLOCK NW 9TH CT,Miami Police,20210331160401
734,THEFT/LARCENY,PD210331101367,13800 BLOCK SW 56TH ST,Miami-Dade Police,20210331160001
735,ASSAULT,PD210331101256,2200 BLOCK NW 102ND ST,Miami-Dade Police,20210331155601
736,ASSAULT,PD210331101258,10200 BLOCK SW 179TH ST,Miami-Dade Police,20210331154201
737,GRAND THEFT - RETAIL - $300 TO LESS THAN $5000,2103310020138,3700 BLOCK NW 7TH ST,Miami Police,20210331153701
738,ASSAULT,PD210331101273,400 BLOCK NW 165TH ST,Miami-Dade Police,20210331153001
739,ASSAULT,PD210331101233,NW 95TH AVE & NW 34TH ST,Miami-Dade Police,20210331153001
740,THEFT - FROM MOTOR VEHICLE,2103310020118,1400 BLOCK NW 65TH ST,Miami Police,20210331151901
741,RETAIL THEFT,2103310020122,3100 BLOCK N MIAMI AV,Miami Police,20210331151801
742,THEFT BY SHOPLIFTING,210331006193,1400 BLOCK NW 107TH AVE,Doral Police,20210331151701
743,BATTERY,012103000972,"4700 BLOCK SW 27TH ST, WEST PARK",Broward County Sheriff,20210331151001
744,THEFT/LARCENY,PD210401101989,1200 BLOCK NW 115TH ST,Miami-Dade Police,20210331150001
745,BURGLARY,PD210401102025,14800 BLOCK SW 67TH LN,Miami-Dade Police,20210331150001
746,THEFT/LARCENY,PD210331101185,14700 BLOCK NE 6TH AVE,Miami-Dade Police,20210331145001
747,THEFT - OF MOTOR VEHICLE PARTS,2103310020106,SW 16TH AVE AND SW 8TH ST,Miami Police,20210331144301
748,BURGLARY / CURTILAGE OF ANY OTHER STRUCTURE - THEFT OF $300 OR GREATER,2103310020115,2300 BLOCK SW 14TH ST,Miami Police,20210331144201
749,CARRYING CONCEALED FIREARM,2103310020112,100 BLOCK NW 75TH ST,Miami Police,20210331142101
750,BATTERY / AGGRAVATED / PERSON 65 YEARS OF AGE OR OLDER,2103310020107,3600 BLOCK NW 20TH CT,Miami Police,20210331141501
751,BATTERY / AGGRAVATED / PERSON 65 YEARS OF AGE OR OLDER,2103310020107,3600 BLOCK NW 20TH CT,Miami Police,20210331141501
752,RETAIL THEFT,2103310020110,3400 BLOCK N MIAMI AV,Miami Police,20210331141401
753,ASSAULT / SIMPLE,2103310020099,0 BLOCK E FLAGLER ST,Miami Police,20210331140801
754,CRIMINAL MISCHIEF (OVER $200 LESS THAN $1000),2103310020105,2600 BLOCK NW 3RD AV,Miami Police,20210331140301
755,CRIMINAL MISCHIEF (OVER $200 LESS THAN $1000),2103310020105,2600 BLOCK NW 3RD AV,Miami Police,20210331140301
756,BURGLARY - RESIDENCE,2103290019551,700 BLOCK NW 32ND AV,Miami Police,20210331140001
757,THEFT/LARCENY,PD210408110479,5700 BLOCK SW 149TH PL,Miami-Dade Police,20210331140001
758,THEFT/LARCENY,PD210331101164,7700 BLOCK W FLAGLER ST,Miami-Dade Police,20210331135501
759,VANDALISM,PD210331101116,1200 BLOCK NW 95TH ST,Miami-Dade Police,20210331135101
760,THEFT/LARCENY,PD210331101122,4700 BLOCK NW 183RD ST,Miami-Dade Police,20210331135001
761,THEFT/LARCENY,PD210331101265,MIA-CC H-GATE 9 LOUNGE-L2,Miami-Dade Police,20210331134001
762,SIMPLE STALKING,2100889,13400 BLOCK SW 80TH RD,Pinecrest Police,20210331132701
763,"GRAND THEFT - GOLF CARTS, DUNE/SWAMP BUGGIES, GO-CARTS, ATV'S, ETC  $300",2103310020094,200 BLOCK E FLAGLER ST,Miami Police,20210331132201
764,ASSAULT,PD210331101160,7900 BLOCK NW 27TH AVE,Miami-Dade Police,20210331131401
765,VEHICLE BREAK-IN/THEFT,PD210331101081,11200 BLOCK SW 157TH AVE,Miami-Dade Police,20210331130001
766,OVERDUE RENTAL,2103310020082,5300 BLOCK NW 7TH AV,Miami Police,20210331125401
767,OVERDUE RENTAL,2103310020082,5300 BLOCK NW 7TH AV,Miami Police,20210331125401
768,THEFT OTHER,210331006181,5300 BLOCK NW 87TH AVE,Doral Police,20210331124901
769,RETAIL THEFT,2103310020093,5200 BLOCK W FLAGLER ST,Miami Police,20210331123601
770,RETAIL THEFT,2103310020093,5200 BLOCK W FLAGLER ST,Miami Police,20210331123601
771,AUTO THEFT,2103310020080,800 BLOCK SW 8TH ST,Miami Police,20210331123201
772,AUTO THEFT,2103310020080,800 BLOCK SW 8TH ST,Miami Police,20210331123201
773,OVERDUE RENTAL,2103310020081,5300 BLOCK NW 7TH AVE,Miami Police,20210331122601
774,OVERDUE RENTAL,2103310020081,5300 BLOCK NW 7TH AVE,Miami Police,20210331122601
775,PETIT THEFT - RETAIL / LESS THAN $100,2103310020089,100 BLOCK NE 2ND AV,Miami Police,20210331121901
776,ASSAULT,PD210331100993,SW 103RD AVE & SW 175TH ST,Miami-Dade Police,20210331121201
777,AGGRAVATED BATTERY,2103310020083,SW 8TH ST / SW 36TH CT,Miami Police,20210331120701
778,VANDALISM,PD210331101098,2300 BLOCK NW 99TH ST,Miami-Dade Police,20210331120101
779,THEFT/LARCENY,PD210413115955,2100 BLOCK SW 58TH AVE,Miami-Dade Police,20210331120001
780,THEFT/LARCENY,PD210403104216,5200 BLOCK NW 27TH AVE,Miami-Dade Police,20210331120001
781,THEFT/LARCENY,PD210331101417,5100 BLOCK BLUE LAGOON DR,Miami-Dade Police,20210331120001
782,BURGLARY,PD210331100997,900 BLOCK NE 149TH ST,Miami-Dade Police,20210331115900
783,VEHICLE BREAK-IN/THEFT,PD210331100984,9400 BLOCK SW 80TH ST,Miami-Dade Police,20210331115800
784,ROBBERY - ARMED,2103310020076,1700 BLOCK NW 31ST AV,Miami Police,20210331114100
785,BURGLARY - MOTOR VEHICLE (CONVEYANCE),2103310020075,7000 BLOCK NE 2ND AV,Miami Police,20210331113700
786,BURGLARY - RESIDENCE,2103310020074,1200 BLOCK NW 30TH ST,Miami Police,20210331113400
787,THEFT OTHER,210331006178,7700 BLOCK NW 46TH ST,Doral Police,20210331113200
788,VANDALISM OTHER,2100892,8300 BLOCK SW 132ND ST,Pinecrest Police,20210331113000
789,SIMPLE BATTERY,2103310020070,2800 BLOCK S BAYSHORE DR,Miami Police,20210331112900
790,THEFT - FROM MOTOR VEHICLE,2103310020108,1700 BLOCK NW 4TH ST,Miami Police,20210331112800
791,THEFT FROM STRUCTURE  WITH LEGAL ACCESS / PUBLIC BUILDING,21001816,600 BLOCK LEUCADENDRA DR,Coral Gables Police,20210331112300
792,THEFT - FROM MOTOR VEHICLE,2103310020078,3400 BLOCK PAN AMERICAN DR,Miami Police,20210331112200
793,THEFT - ALL OTHER,2103310020071,500 BLOCK NE 83RD ST,Miami Police,20210331110700
794,FRAUD,PD210401102442,900 BLOCK NW 102ND ST,Miami-Dade Police,20210331110000
795,THEFT/LARCENY,PD210401101990,MIA-CC D-TSA SECURITY CHECKPOINT 1-L2,Miami-Dade Police,20210331110000
796,ASSAULT,PD210331100924,7900 BLOCK NW 2ND ST,Miami-Dade Police,20210331105800
797,BATTERY / SIMPLE,2103310020062,3000 BLOCK W FLAGLER ST,Miami Police,20210331105200
798,RETAIL THEFT,2103310020061,1200 BLOCK NW 36TH ST,Miami Police,20210331104900
799,VANDALISM,PD210331100964,NW 18TH AVE & NW 62ND ST,Miami-Dade Police,20210331104600
800,ASSAULT,PD210331100907,1100 BLOCK NW 104TH ST,Miami-Dade Police,20210331104300
801,VEHICLE BREAK-IN/THEFT,PD210331100936,19600 BLOCK NW 59TH PL,Miami-Dade Police,20210331104300
802,CRIMINAL MISCHIEF / VANDALISM,2103310020069,400 BLOCK SW 27TH AV,Miami Police,20210331103800
803,FRAUDULENTLY USING PERSONAL IDENTIFICATION,2103310020055,2100 BLOCK NW 37TH ST,Miami Police,20210331103500
804,CRIMINAL MISCHIEF (OVER $200 LESS THAN $1000),2103310020056,2600 BLOCK NW 5TH AVE,Miami Police,20210331101900
805,THEFT/LARCENY,PD210331101089,8600 BLOCK NW 58TH ST,Miami-Dade Police,20210331101800
806,THEFT/LARCENY,PD210331100891,7200 BLOCK N KENDALL DR,Miami-Dade Police,20210331101500
807,THEFT/LARCENY,PD210331101434,7300 BLOCK NW 11TH ST,Miami-Dade Police,20210331100000
808,THEFT/LARCENY,PD210416119959,100 BLOCK NE 151ST ST,Miami-Dade Police,20210331100000
809,VEHICLE BREAK-IN/THEFT,PD210404105904,3900 BLOCK SW 78TH CT,Miami-Dade Police,20210331100000
810,VANDALISM,PD210402103056,18200 BLOCK NW 68TH AVE,Miami-Dade Police,20210331100000
811,THEFT/LARCENY,PD210331101291,8900 BLOCK SW 150TH CT CIR W,Miami-Dade Police,20210331100000
812,ASSAULT,PD210331101174,900 BLOCK NW 110TH ST,Miami-Dade Police,20210331100000
813,THEFT/LARCENY,PD210331101112,6100 BLOCK SW 22ND ST,Miami-Dade Police,20210331100000
814,VANDALISM TO BUSINESS,2100888,8800 BLOCK S DIXIE HWY,Pinecrest Police,20210331094500
815,BURGLARY - MOTOR VEHICLE (CONVEYANCE),2103260018931,2900 BLOCK NW 7TH ST,Miami Police,20210331093700
816,THEFT - ALL OTHER,2103310020040,1300 BLOCK NW 41ST ST,Miami Police,20210331093400
817,VANDALISM,PD210331100843,2100 BLOCK NW 62ND ST,Miami-Dade Police,20210331091400
818,THEFT/LARCENY,PD210407108781,3000 BLOCK NW 86TH ST,Miami-Dade Police,20210331090000
819,ASSAULT,PD210331100860,15100 BLOCK NE 6TH AVE,Miami-Dade Police,20210331090000
820,CRIMINAL MISCHIEF / VANDALISM,2103310020038,500 BLOCK N MIAMI AVE,Miami Police,20210331085300
821,THEFT - ALL OTHER,2103310020023,2700 BLOCK TIGER TAIL AV,Miami Police,20210331085000
822,BURGLARY/CONVEYANCE: NO LOSS (EVEN IF DAMAGED),2103310020028,3200 BLOCK NW 22ND AV,Miami Police,20210331083100
823,BATTERY / SIMPLE,2103310020030,1100 BLOCK NW 2ND AV,Miami Police,20210331083000
824,BATTERY / SIMPLE,2103310020030,1100 BLOCK NW 2ND AV,Miami Police,20210331083000
825,HOMICIDE,PD210331100774,5200 BLOCK NW 27TH AVE,Miami-Dade Police,20210331082500
826,CRIMINAL MISCHIEF / VANDALISM,2103310020031,2800 BLOCK MC FARLANE RD,Miami Police,20210331082400
827,THEFT/LARCENY,PD210331101087,11900 BLOCK SW 152ND ST,Miami-Dade Police,20210331082200
828,BURGLARY - RESIDENCE,2103310020021,1300 BLOCK NW 67TH ST,Miami Police,20210331080800
829,FRAUD,PD210407108592,10400 BLOCK SW 154TH CT,Miami-Dade Police,20210331080000
830,FRAUD,PD210407109385,3500 BLOCK NW 99TH ST,Miami-Dade Police,20210331080000
831,THEFT/LARCENY,PD210401102222,1100 BLOCK NW 79TH ST,Miami-Dade Police,20210331080000
832,FRAUD,PD210401102024,10900 BLOCK SW 142ND LN,Miami-Dade Police,20210331080000
833,THEFT/LARCENY,PD210510146837,8300 BLOCK NW 37TH AVE,Miami-Dade Police,20210331080000
834,"GRAND THEFT - GOLF CARTS, DUNE/SWAMP BUGGIES, GO-CARTS, ATV'S, ETC  $300",2103310020018,900 BLOCK  NW 1ST AVE,Miami Police,20210331074400
835,"GRAND THEFT - GOLF CARTS, DUNE/SWAMP BUGGIES, GO-CARTS, ATV'S, ETC  $300",2103310020018,900 BLOCK  NW 1ST AVE,Miami Police,20210331074400
836,ASSAULT / AGG,2103310020012,600 BLOCK NW 46TH ST,Miami Police,20210331074000
837,BURGLARY - MOTOR VEHICLE (CONVEYANCE),2103310020004,200 BLOCK SW 12TH ST,Miami Police,20210331072300
838,PETIT THEFT,2103310020007,3600 BLOCK S DIXIE HWY,Miami Police,20210331071400
839,RETAIL THEFT,2103310020007,3600 BLOCK S DIXIE HWY,Miami Police,20210331071400
840,THEFT/LARCENY,PD210401102230,2200 BLOCK NW 49TH ST,Miami-Dade Police,20210331070000
841,FRAUD,PD210408109719,10400 BLOCK SW 41ST ST,Miami-Dade Police,20210331065400
842,THEFT/LARCENY,PD210405106978,MIA-CC H-MAIN LOBBY-L2,Miami-Dade Police,20210331064500
843,MOTOR VEHICLE THEFT,PD210331100684,15300 BLOCK SW 20TH LN,Miami-Dade Police,20210331045300
844,ASSAULT,PD210331100679,1500 BLOCK NW 102ND ST,Miami-Dade Police,20210331043000
845,PETIT THEFT - RETAIL / LESS THAN $100,2103310019991,800 BLOCK SW 8TH ST,Miami Police,20210331041400
846,HOME-INVASION ROBBERY,2103310019990,1600 BLOCK  BISCAYNE BLVD,Miami Police,20210331034800
847,HOME-INVASION ROBBERY,2103310019990,1600 BLOCK  BISCAYNE BLVD,Miami Police,20210331034800
848,VANDALISM,PD210331100672,1100 BLOCK NW 104TH ST,Miami-Dade Police,20210331032900
849,THEFT/LARCENY,PD210331100663,11800 BLOCK NW 7TH AVE,Miami-Dade Police,20210331032800
850,THEFT - ALL OTHER,2103310019981,1500 BLOCK NW 37TH ST,Miami Police,20210331022500
851,VEHICLE BREAK-IN/THEFT,PD210331100649,300 BLOCK NE 163RD ST,Miami-Dade Police,20210331022300
852,DUI - UNDER INFLUENCE OF ALCOHOL OR CHEMICAL SUBSTANCE: FACULTIES IMPAIRED,2103310019979,SW 17TH AV / SW 8TH ST,Miami Police,20210331022200
853,CRIMINAL MISCHIEF / VANDALISM,2103310019976,200 BLOCK NE 14TH ST,Miami Police,20210331015600
854,BATTERY,012103000947,"4000 BLOCK SW 19TH ST, WEST PARK",Broward County Sheriff,20210331014500
855,ASSAULT,PD210331100628,18800 BLOCK BELVIEW DR,Miami-Dade Police,20210331013900
856,ASSAULT,PD210331100605,3100 BLOCK NW 38TH ST,Miami-Dade Police,20210331005200
857,THEFT - ALL OTHER,2103310019969,NW 21ST ST / NW 7TH AV,Miami Police,20210331004500
858,BATTERY / DOMESTIC,2103300019964,2200 BLOCK FLAGLER ST,Miami Police,20210331003000
859,BURGLARY,PD210331100592,17500 BLOCK S DIXIE HWY,Miami-Dade Police,20210331001500
860,ASSAULT,PD210331100588,10700 BLOCK SW 148TH AVE DR,Miami-Dade Police,20210331000500
861,THEFT/LARCENY,PD210331100589,UNKNOWN ADDRESS,Miami-Dade Police,20210331000000
862,FRAUD,PD210408110307,13400 BLOCK SW 52ND ST,Miami-Dade Police,20210331000000
